run,group,method,split,seed,sweep,best_val_auc,test.acc,test.balanced_acc,test.f1,test.threshold,test.auc,test.sensitivity,test.specificity,test_youden.acc,test_youden.balanced_acc,test_youden.f1,test_youden.threshold,test_youden.auc,test_youden.sensitivity,test_youden.specificity,test_screening.acc,test_screening.balanced_acc,test_screening.f1,test_screening.threshold,test_screening.auc,test_screening.sensitivity,test_screening.specificity,thr.youden,thr.screening,fair.bacc_gap,fair.sensitivity_gap,fair.n_strata,fair.min_stratum_n,fair.max_stratum_n,fair.worst_stratum,fair.worst_stratum_n,fair.worst_stratum_bacc,fair.bacc_gap_n10,fair.n_strata_n10,fair.bacc_gap_n20,fair.n_strata_n20,epochs,best_epoch
ablation-ours_full-indist-20260715-204433,ablation,ours_full,indist,42,sweep-20260715-204432,0.9870600414078675,0.9327731092436975,0.9303542673107891,0.8620689655172413,0.5,0.9665861513687601,0.9259259259259259,0.9347826086956522,0.9159663865546218,0.8671497584541064,0.8076923076923077,0.9899292588233948,0.9665861513687601,0.7777777777777778,0.9565217391304348,0.8907563025210085,0.9162640901771336,0.8,0.02121097967028618,0.9665861513687601,0.9629629629629629,0.8695652173913043,0.9899292588233948,0.02121097967028618,0.5,0.5,6,1,80,brown,2,0.5,0.01321905573823734,2,0.01321905573823734,2,26,10
ablation-ours_no_causal-indist-20260715-211305,ablation,ours_no_causal,indist,42,sweep-20260715-204432,0.989648033126294,0.9159663865546218,0.9194847020933977,0.8333333333333334,0.5,0.9677938808373591,0.9259259259259259,0.9130434782608695,0.9243697478991597,0.9249194847020934,0.847457627118644,0.5235609412193298,0.9677938808373591,0.9259259259259259,0.9239130434782609,0.9243697478991597,0.9249194847020934,0.847457627118644,0.5235609412193298,0.9677938808373591,0.9259259259259259,0.9239130434782609,0.5235609412193298,0.5235609412193298,0.09999999999999998,0.10526315789473684,5,1,90,intermediate,7,0.9,0.05212856083871653,2,,1,23,7
ablation-ours_no_disent-indist-20260715-205957,ablation,ours_no_disent,indist,42,sweep-20260715-204432,0.9979296066252588,0.9495798319327731,0.9412238325281803,0.8928571428571429,0.5,0.9822866344605474,0.9259259259259259,0.9565217391304348,0.9243697478991597,0.9249194847020934,0.847457627118644,0.3599323630332947,0.9822866344605474,0.9259259259259259,0.9239130434782609,0.9243697478991597,0.9249194847020934,0.847457627118644,0.3599323630332947,0.9822866344605474,0.9259259259259259,0.9239130434782609,0.3599323630332947,0.3599323630332947,0.3052631578947369,0.4,6,1,44,intermediate,24,0.6947368421052631,0.2905572755417958,4,0.2905572755417958,3,49,33
ablation-ours_no_lora-indist-20260715-213009,ablation,ours_no_lora,indist,42,sweep-20260715-204432,0.5483954451345755,0.226890756302521,0.5,0.3698630136986301,0.5,0.5,1.0,0.0,0.226890756302521,0.5,0.3698630136986301,0.0,0.5,1.0,0.0,0.226890756302521,0.5,0.3698630136986301,0.0,0.5,1.0,0.0,0.0,0.0,0.5,0.0,5,2,65,brown,2,0.0,0.0,3,0.0,2,18,2
ablation-ours_no_mixstyle-indist-20260715-211926,ablation,ours_no_mixstyle,indist,42,sweep-20260715-204432,0.9943064182194618,0.9411764705882353,0.9357890499194848,0.8771929824561403,0.5,0.9710144927536232,0.9259259259259259,0.9456521739130435,0.9495798319327731,0.9281400966183575,0.8888888888888888,0.8954524993896484,0.9710144927536232,0.8888888888888888,0.967391304347826,0.9495798319327731,0.9281400966183575,0.8888888888888888,0.8954524993896484,0.9710144927536232,0.8888888888888888,0.967391304347826,0.8954524993896484,0.8954524993896484,0.33333333333333337,0.6666666666666667,6,1,73,light,23,0.6666666666666666,0.33333333333333337,3,0.2860644257703081,2,39,23
ablation-ours_no_scin-indist-20260715-205147,ablation,ours_no_scin,indist,42,sweep-20260715-204432,0.9963768115942029,0.9495798319327731,0.9543075684380031,0.896551724137931,0.5,0.9770531400966184,0.9629629629629629,0.9456521739130435,0.9327731092436975,0.9565217391304348,0.8709677419354839,0.1068592295050621,0.9770531400966184,1.0,0.9130434782608695,0.9411764705882353,0.9488727858293076,0.8813559322033898,0.32840701937675476,0.9770531400966184,0.9629629629629629,0.9347826086956522,0.1068592295050621,0.32840701937675476,0.08333333333333326,0.0,6,1,38,tan,10,0.9166666666666667,0.0539215686274509,4,0.030588235294117694,3,31,15
erm_indist-20260715-172926,flagship,erm,indist,42,,0.9839544513457558,0.9411764705882353,0.9357890499194848,0.8771929824561403,0.5,0.9730273752012881,0.9259259259259259,0.9456521739130435,0.957983193277311,0.946658615136876,0.9090909090909091,0.7458599805831909,0.9730273752012881,0.9259259259259259,0.967391304347826,0.865546218487395,0.8999597423510467,0.7647058823529411,0.0420062318444252,0.9730273752012881,0.9629629629629629,0.8369565217391305,0.7458599805831909,0.0420062318444252,0.19047619047619047,0.33333333333333337,6,2,44,tan,24,0.8095238095238095,0.16416040100250617,4,0.16416040100250617,4,25,9
ourbg_indist-20260715-173549,flagship,ours_bg,indist,42,,0.9943064182194618,0.957983193277311,0.946658615136876,0.9090909090909091,0.5,0.9830917874396135,0.9259259259259259,0.967391304347826,0.9159663865546218,0.9325684380032206,0.8387096774193549,0.16138261556625366,0.9830917874396135,0.9629629629629629,0.9021739130434783,0.9495798319327731,0.9412238325281803,0.8928571428571429,0.48444870114326477,0.9830917874396135,0.9259259259259259,0.9565217391304348,0.16138261556625366,0.48444870114326477,0.13809523809523805,0.1428571428571429,6,2,35,tan,22,0.861904761904762,0.13809523809523805,5,0.1208538587848933,4,37,21
method-erm-0-s1-20260715-214912,method,erm,0,1,sweep-20260715-213431,1.0,0.748898678414097,0.6288583863408101,0.43,0.5,0.8187479075995983,0.296551724137931,0.9611650485436893,0.762114537444934,0.7392255328646357,0.6447368421052632,0.0021315922494977713,0.8187479075995983,0.6758620689655173,0.8025889967637541,0.762114537444934,0.7392255328646357,0.6447368421052632,0.0021315922494977713,0.8187479075995983,0.6758620689655173,0.8025889967637541,0.0021315922494977713,0.0021315922494977713,0.28468468468468466,0.9,6,5,112,dark,5,0.5,0.14537745576902195,5,0.14537745576902195,5,38,22
method-erm-0-s2-20260715-215422,method,erm,0,2,sweep-20260715-213431,0.991869918699187,0.7951541850220264,0.7342149313692669,0.6381322957198443,0.5,0.8447941078004687,0.5655172413793104,0.9029126213592233,0.775330396475771,0.7489342707287133,0.6577181208053692,0.11047452688217163,0.8447941078004687,0.6758620689655173,0.8220064724919094,0.775330396475771,0.7489342707287133,0.6577181208053692,0.11047452688217163,0.8447941078004687,0.6758620689655173,0.8220064724919094,0.11047452688217163,0.11047452688217163,0.07949607027276917,0.4878787878787879,5,33,137,tan,133,0.6847896440129451,0.07949607027276917,5,0.07949607027276917,5,43,27
method-erm-0-20260715-175910,method,erm,0,42,sweep-20260715-174842,0.9728997289972899,0.7665198237885462,0.7625934605512777,0.6728395061728395,0.5,0.8431425064166946,0.7517241379310344,0.7734627831715211,0.7202643171806168,0.7524048655284008,0.6576819407008087,0.05996473878622055,0.8431425064166946,0.8413793103448276,0.6634304207119741,0.7202643171806168,0.7524048655284008,0.6576819407008087,0.05996473878622055,0.8431425064166946,0.8413793103448276,0.6634304207119741,0.05996473878622055,0.05996473878622055,0.3145397693961305,1.0,6,8,162,dark,8,0.5,0.25501595987232095,5,0.25501595987232095,5,30,14
method-erm-1-s1-20260715-220011,method,erm,1,1,sweep-20260715-213431,0.958688524590164,0.9191489361702128,0.8092948717948718,0.6545454545454545,0.5,0.9382122507122507,0.6666666666666666,0.9519230769230769,0.9191489361702128,0.7931801994301995,0.6415094339622641,0.5594365000724792,0.9382122507122507,0.6296296296296297,0.9567307692307693,0.8340425531914893,0.8740206552706553,0.5617977528089888,0.0006013749516569078,0.9382122507122507,0.9259259259259259,0.8221153846153846,0.5594365000724792,0.0006013749516569078,0.37702702702702706,0.7,4,4,101,light,84,0.6229729729729729,0.37702702702702706,3,0.37702702702702706,3,52,36
method-erm-1-s2-20260715-221058,method,erm,1,2,sweep-20260715-213431,0.9560655737704917,0.8978723404255319,0.8617343304843305,0.6470588235294118,0.5,0.92752849002849,0.8148148148148148,0.9086538461538461,0.8170212765957446,0.8160612535612535,0.5057471264367817,0.060970157384872437,0.92752849002849,0.8148148148148148,0.8173076923076923,0.8170212765957446,0.8160612535612535,0.5057471264367817,0.060970157384872437,0.92752849002849,0.8148148148148148,0.8173076923076923,0.060970157384872437,0.060970157384872437,0.3127705627705628,0.3697478991596639,4,23,82,light,73,0.6872294372294372,0.3127705627705628,4,0.3127705627705628,4,26,10
method-erm-1-20260715-180318,method,erm,1,42,sweep-20260715-174842,0.9685245901639344,0.8297872340425532,0.8393874643874644,0.5348837209302325,0.5,0.9225427350427351,0.8518518518518519,0.8269230769230769,0.8893617021276595,0.8408119658119658,0.6176470588235294,0.9375766515731812,0.9225427350427351,0.7777777777777778,0.9038461538461539,0.8893617021276595,0.8408119658119658,0.6176470588235294,0.9375766515731812,0.9225427350427351,0.7777777777777778,0.9038461538461539,0.9375766515731812,0.9375766515731812,0.5,0.9285714285714286,4,17,89,tan,17,0.5,0.5,4,0.2056277056277056,3,24,8
method-erm-2-s1-20260715-221633,method,erm,2,1,sweep-20260715-213431,0.9761513157894737,0.9436619718309859,0.9285714285714286,0.9230769230769231,0.5,1.0,0.8571428571428571,1.0,1.0,1.0,1.0,0.00816508661955595,1.0,1.0,1.0,0.8028169014084507,0.8372093023255813,0.8,9.395836968906224e-05,1.0,1.0,0.6744186046511628,0.00816508661955595,9.395836968906224e-05,0.0,0.0,6,1,55,very_light,55,1.0,,1,,1,33,17
method-erm-2-s2-20260715-222521,method,erm,2,2,sweep-20260715-213431,0.9742324561403508,0.9859154929577465,0.9821428571428572,0.9818181818181818,0.5,0.9991694352159468,0.9642857142857143,1.0,0.971830985915493,0.9642857142857143,0.9629629629629629,0.6345400214195251,0.9991694352159468,0.9285714285714286,1.0,0.9295774647887324,0.9418604651162791,0.9180327868852459,0.010712383314967155,0.9991694352159468,1.0,0.8837209302325582,0.6345400214195251,0.010712383314967155,0.5,1.0,6,2,49,light,5,0.5,,1,,1,31,15
method-erm-2-20260715-180826,method,erm,2,42,sweep-20260715-174842,0.993421052631579,0.971830985915493,0.970514950166113,0.9642857142857143,0.5,0.9958471760797342,0.9642857142857143,0.9767441860465116,0.971830985915493,0.9767441860465116,0.9655172413793104,0.08068431168794632,0.9958471760797342,1.0,0.9534883720930233,0.971830985915493,0.9767441860465116,0.9655172413793104,0.08068431168794632,0.9958471760797342,1.0,0.9534883720930233,0.08068431168794632,0.08068431168794632,0.0357142857142857,0.0,6,1,48,very_light,48,0.9642857142857143,,1,,1,41,25
method-erm-indist-s1-20260715-213432,method,erm,indist,1,sweep-20260715-213431,0.9917184265010353,0.9243697478991597,0.9249194847020934,0.847457627118644,0.5,0.9619565217391305,0.9259259259259259,0.9239130434782609,0.9327731092436975,0.9303542673107891,0.8620689655172413,0.6276776790618896,0.9619565217391305,0.9259259259259259,0.9347826086956522,0.9327731092436975,0.9303542673107891,0.8620689655172413,0.6276776790618896,0.9619565217391305,0.9259259259259259,0.9347826086956522,0.6276776790618896,0.6276776790618896,0.30263157894736836,0.5,6,2,39,intermediate,23,0.6973684210526316,0.30263157894736836,5,0.30263157894736836,3,27,11
method-erm-indist-s2-20260715-214123,method,erm,indist,2,sweep-20260715-213431,0.9943064182194616,0.9411764705882353,0.9357890499194848,0.8771929824561403,0.5,0.9786634460547503,0.9259259259259259,0.9456521739130435,0.8907563025210085,0.9162640901771336,0.8,0.0052975257858633995,0.9786634460547503,0.9629629629629629,0.8695652173913043,0.9327731092436975,0.9434380032206119,0.8666666666666667,0.020455731078982353,0.9786634460547503,0.9629629629629629,0.9239130434782609,0.0052975257858633995,0.020455731078982353,0.18434343434343436,0.09090909090909094,5,1,42,very_light,29,0.8156565656565656,0.18434343434343436,4,0.18434343434343436,3,31,15
method-erm-indist-20260715-174843,method,erm,indist,42,sweep-20260715-174842,0.9860248447204969,0.9495798319327731,0.9281400966183575,0.8888888888888888,0.5,0.9653784219001611,0.8888888888888888,0.967391304347826,0.907563025210084,0.914049919484702,0.819672131147541,0.016883889213204384,0.9653784219001611,0.9259259259259259,0.9021739130434783,0.907563025210084,0.914049919484702,0.819672131147541,0.016883889213204384,0.9653784219001611,0.9259259259259259,0.9021739130434783,0.016883889213204384,0.016883889213204384,0.2833333333333333,0.5,6,2,32,intermediate,32,0.7166666666666667,0.2151515151515152,4,0.2151515151515152,4,42,26
method-groupdro-0-s1-20260716-014009,method,groupdro,0,1,sweep-20260715-213431,0.997289972899729,0.7775330396475771,0.7212699475504967,0.6188679245283019,0.5,0.8278093962727374,0.5655172413793104,0.8770226537216829,0.7709251101321586,0.7438678718892981,0.6510067114093959,0.22254817187786102,0.8278093962727374,0.6689655172413793,0.8187702265372169,0.7709251101321586,0.7438678718892981,0.6510067114093959,0.22254817187786102,0.8278093962727374,0.6689655172413793,0.8187702265372169,0.22254817187786102,0.22254817187786102,0.3097826086956521,0.8695652173913043,6,15,132,dark,15,0.5,0.3097826086956521,6,0.12040552304492902,5,36,20
method-groupdro-0-s2-20260716-014505,method,groupdro,0,2,sweep-20260715-213431,0.994579945799458,0.7995594713656388,0.7612431648253544,0.6761565836298933,0.5,0.8637428858386341,0.6551724137931034,0.8673139158576052,0.775330396475771,0.7654056466912176,0.6772151898734177,0.0985921248793602,0.8637428858386341,0.7379310344827587,0.7928802588996764,0.775330396475771,0.7654056466912176,0.6772151898734177,0.0985921248793602,0.8637428858386341,0.7379310344827587,0.7928802588996764,0.0985921248793602,0.0985921248793602,0.056498240321769755,0.47058823529411764,5,42,159,light,90,0.7073906485671191,0.056498240321769755,5,0.056498240321769755,5,31,15
method-groupdro-0-20260715-192918,method,groupdro,0,42,sweep-20260715-174842,0.9891598915989159,0.76431718061674,0.7298627385336458,0.6323024054982818,0.5,0.8222519808057136,0.6344827586206897,0.8252427184466019,0.76431718061674,0.7298627385336458,0.6323024054982818,0.49873653054237366,0.8222519808057136,0.6344827586206897,0.8252427184466019,0.566079295154185,0.675739314808615,0.5904365904365905,0.00023216803674586117,0.8222519808057136,0.9793103448275862,0.37216828478964403,0.49873653054237366,0.00023216803674586117,0.2887700534759359,0.9411764705882353,6,5,176,dark,5,0.5,0.25811553814867827,5,0.25811553814867827,5,26,10
method-groupdro-1-s1-20260716-014920,method,groupdro,1,1,sweep-20260715-213431,0.9652459016393442,0.9063829787234042,0.8020833333333333,0.6206896551724138,0.5,0.934116809116809,0.6666666666666666,0.9375,0.9106382978723404,0.8367165242165242,0.6557377049180327,0.35238006711006165,0.934116809116809,0.7407407407407407,0.9326923076923077,0.7914893617021277,0.8660968660968661,0.5148514851485149,0.00037551537388935685,0.934116809116809,0.9629629629629629,0.7692307692307693,0.35238006711006165,0.00037551537388935685,0.2041666666666666,0.20833333333333337,5,1,84,intermediate,68,0.7958333333333334,0.12724358974358974,4,0.06820175438596487,3,45,29
method-groupdro-1-s2-20260716-015846,method,groupdro,1,2,sweep-20260715-213431,0.9527868852459016,0.9319148936170213,0.8648504273504274,0.7241379310344828,0.5,0.9417735042735043,0.7777777777777778,0.9519230769230769,0.9106382978723404,0.9011752136752136,0.6956521739130435,0.08164525032043457,0.9417735042735043,0.8888888888888888,0.9134615384615384,0.8340425531914893,0.8740206552706553,0.5617977528089888,0.002474128967151046,0.9417735042735043,0.9259259259259259,0.8221153846153846,0.08164525032043457,0.002474128967151046,0.25,0.5,5,12,67,tan,55,0.75,0.25,5,0.21153846153846156,4,47,31
method-groupdro-1-20260715-193300,method,groupdro,1,42,sweep-20260715-174842,0.9718032786885245,0.9276595744680851,0.8624465811965811,0.711864406779661,0.5,0.915954415954416,0.7777777777777778,0.9471153846153846,0.9446808510638298,0.8237179487179487,0.7346938775510204,0.9128552079200745,0.915954415954416,0.6666666666666666,0.9807692307692307,0.7787234042553192,0.7944266381766382,0.4583333333333333,0.003107944503426552,0.915954415954416,0.8148148148148148,0.7740384615384616,0.9128552079200745,0.003107944503426552,0.4217479674796748,0.9166666666666666,4,26,88,tan,26,0.5,0.4217479674796748,4,0.4217479674796748,4,24,8
method-groupdro-2-s1-20260716-020833,method,groupdro,2,1,sweep-20260715-213431,0.9769736842105263,0.9577464788732394,0.9464285714285714,0.9433962264150944,0.5,1.0,0.8928571428571429,1.0,0.9859154929577465,0.9821428571428572,0.9818181818181818,0.12718966603279114,1.0,0.9642857142857143,1.0,0.9859154929577465,0.9821428571428572,0.9818181818181818,0.018651453778147697,1.0,0.9642857142857143,1.0,0.12718966603279114,0.018651453778147697,0.0185185185185186,0.03703703703703709,5,1,65,very_light,65,0.9814814814814814,,1,,1,28,12
method-groupdro-2-s2-20260716-021601,method,groupdro,2,2,sweep-20260715-213431,0.9879385964912281,0.971830985915493,0.9642857142857143,0.9629629629629629,0.5,0.9966777408637875,0.9285714285714286,1.0,0.9577464788732394,0.9588870431893688,0.9473684210526315,0.007368642371147871,0.9966777408637875,0.9642857142857143,0.9534883720930233,0.9859154929577465,0.9821428571428572,0.9818181818181818,0.11026280373334885,0.9966777408637875,0.9642857142857143,1.0,0.007368642371147871,0.11026280373334885,0.5,1.0,6,1,43,intermediate,5,0.5,0.05555555555555558,2,,1,48,32
method-groupdro-2-20260715-193810,method,groupdro,2,42,sweep-20260715-174842,0.9890350877192983,0.9859154929577465,0.9821428571428572,0.9818181818181818,0.5,0.9916943521594684,0.9642857142857143,1.0,0.9859154929577465,0.9821428571428572,0.9818181818181818,0.14918150007724762,0.9916943521594684,0.9642857142857143,1.0,0.9859154929577465,0.9821428571428572,0.9818181818181818,0.14918150007724762,0.9916943521594684,0.9642857142857143,1.0,0.14918150007724762,0.14918150007724762,0.5,1.0,5,2,57,light,3,0.5,,1,,1,40,24
method-groupdro-indist-s1-20260716-011943,method,groupdro,indist,1,sweep-20260715-213431,0.9932712215320911,0.9495798319327731,0.9412238325281803,0.8928571428571429,0.5,0.9665861513687599,0.9259259259259259,0.9565217391304348,0.9411764705882353,0.9357890499194848,0.8771929824561403,0.18922331929206848,0.9665861513687599,0.9259259259259259,0.9456521739130435,0.9411764705882353,0.9357890499194848,0.8771929824561403,0.18922331929206848,0.9665861513687599,0.9259259259259259,0.9456521739130435,0.18922331929206848,0.18922331929206848,0.1875,0.33333333333333337,6,1,35,intermediate,27,0.8125,0.1875,5,0.1875,3,40,24
method-groupdro-indist-s2-20260716-012940,method,groupdro,indist,2,sweep-20260715-213431,0.994824016563147,0.9159663865546218,0.9064009661835748,0.8275862068965517,0.5,0.9603462157809984,0.8888888888888888,0.9239130434782609,0.907563025210084,0.9009661835748792,0.8135593220338984,0.22258177399635315,0.9603462157809984,0.8888888888888888,0.9130434782608695,0.9159663865546218,0.9064009661835748,0.8275862068965517,0.4779282808303833,0.9603462157809984,0.8888888888888888,0.9239130434782609,0.22258177399635315,0.4779282808303833,0.1576354679802956,0.25,5,3,44,light,36,0.8423645320197044,0.1576354679802956,4,0.11596880131362886,3,42,26
method-groupdro-indist-20260715-192357,method,groupdro,indist,42,sweep-20260715-174842,0.9901656314699794,0.9327731092436975,0.9172705314009661,0.8571428571428571,0.5,0.9581320450885669,0.8888888888888888,0.9456521739130435,0.9243697478991597,0.9118357487922706,0.8421052631578947,0.4505521357059479,0.9581320450885669,0.8888888888888888,0.9347826086956522,0.9243697478991597,0.9118357487922706,0.8421052631578947,0.4505521357059479,0.9581320450885669,0.8888888888888888,0.9347826086956522,0.4505521357059479,0.4505521357059479,0.22023809523809523,0.33333333333333337,6,3,34,tan,34,0.7797619047619048,0.22023809523809523,5,0.22023809523809523,3,21,5
method-irm-0-s1-20260715-232411,method,irm,0,1,sweep-20260715-213431,0.986449864498645,0.7687224669603524,0.7330989844883384,0.6366782006920415,0.5,0.8398839415243834,0.6344827586206897,0.8317152103559871,0.76431718061674,0.7664657962280995,0.676737160120846,0.08762112259864807,0.8398839415243834,0.7724137931034483,0.7605177993527508,0.76431718061674,0.7664657962280995,0.676737160120846,0.08762112259864807,0.8398839415243834,0.7724137931034483,0.7605177993527508,0.08762112259864807,0.08762112259864807,0.2879464285714286,1.0,6,5,149,dark,5,0.5,0.12127976190476197,5,0.12127976190476197,5,28,12
method-irm-0-s2-20260715-233310,method,irm,0,2,sweep-20260715-213431,0.9918699186991871,0.7819383259911894,0.7318268050440799,0.6346863468634686,0.5,0.8509541345831939,0.593103448275862,0.8705501618122977,0.7334801762114538,0.7547929918535877,0.6610644257703081,0.0044259256683290005,0.8509541345831939,0.8137931034482758,0.6957928802588996,0.7334801762114538,0.7547929918535877,0.6610644257703081,0.0044259256683290005,0.8509541345831939,0.8137931034482758,0.6957928802588996,0.0044259256683290005,0.0044259256683290005,0.13461538461538458,0.33333333333333337,5,33,174,very_light,33,0.6153846153846154,0.13461538461538458,5,0.13461538461538458,5,51,35
method-irm-0-20260715-183611,method,irm,0,42,sweep-20260715-174842,0.997289972899729,0.6938325991189427,0.7348175426849681,0.638961038961039,0.5,0.833433768552617,0.8482758620689655,0.6213592233009708,0.76431718061674,0.7225421269947551,0.6219081272084805,0.942751944065094,0.833433768552617,0.6068965517241379,0.8381877022653722,0.76431718061674,0.7225421269947551,0.6219081272084805,0.942751944065094,0.833433768552617,0.6068965517241379,0.8381877022653722,0.942751944065094,0.942751944065094,0.40625,0.9375,6,10,152,dark,10,0.5,0.40625,6,0.2890456989247312,5,23,7
method-irm-1-s1-20260715-234918,method,irm,1,1,sweep-20260715-213431,0.9442622950819672,0.9234042553191489,0.811698717948718,0.6666666666666666,0.5,0.9155982905982906,0.6666666666666666,0.9567307692307693,0.9191489361702128,0.8092948717948718,0.6545454545454545,0.47443997859954834,0.9155982905982906,0.6666666666666666,0.9519230769230769,0.8808510638297873,0.8682336182336182,0.6216216216216216,0.04638789966702461,0.9155982905982906,0.8518518518518519,0.8846153846153846,0.47443997859954834,0.04638789966702461,0.4,0.8,6,2,67,tan,51,0.6,0.4,5,0.3920634920634921,4,44,28
method-irm-1-s2-20260716-001214,method,irm,1,2,sweep-20260715-213431,0.9449180327868852,0.9148936170212766,0.6779736467236468,0.5,0.5,0.9214743589743589,0.37037037037037035,0.9855769230769231,0.9148936170212766,0.7585470085470085,0.6,0.3099971413612366,0.9214743589743589,0.5555555555555556,0.9615384615384616,0.8468085106382979,0.849002849002849,0.5609756097560976,0.10650164633989334,0.9214743589743589,0.8518518518518519,0.8461538461538461,0.3099971413612366,0.10650164633989334,0.34397163120567376,0.6666666666666667,5,1,89,intermediate,50,0.6560283687943262,0.32926574885273263,4,0.32926574885273263,4,43,27
method-irm-1-20260715-184336,method,irm,1,42,sweep-20260715-174842,0.9816393442622952,0.9234042553191489,0.7794693732193732,0.64,0.5,0.9189814814814815,0.5925925925925926,0.9663461538461539,0.8851063829787233,0.806178774928775,0.5846153846153846,0.03943786770105362,0.9189814814814815,0.7037037037037037,0.9086538461538461,0.8212765957446808,0.8345797720797721,0.5227272727272727,0.0024261027574539185,0.9189814814814815,0.8518518518518519,0.8173076923076923,0.03943786770105362,0.0024261027574539185,0.4711111111111111,1.0,4,34,80,tan,48,0.4888888888888889,0.4711111111111111,4,0.4711111111111111,4,46,30
method-irm-2-s1-20260716-003440,method,irm,2,1,sweep-20260715-213431,0.9714912280701755,0.971830985915493,0.9642857142857143,0.9629629629629629,0.5,1.0,0.9285714285714286,1.0,0.9859154929577465,0.9821428571428572,0.9818181818181818,0.40522047877311707,1.0,0.9642857142857143,1.0,0.9154929577464789,0.9302325581395349,0.9032258064516129,0.006411978509277105,1.0,1.0,0.8604651162790697,0.40522047877311707,0.006411978509277105,0.0185185185185186,0.03703703703703709,6,1,65,very_light,65,0.9814814814814814,,1,,1,24,8
method-irm-2-s2-20260716-005105,method,irm,2,2,sweep-20260715-213431,0.9808114035087719,0.9577464788732394,0.9588870431893688,0.9473684210526315,0.5,0.9958471760797343,0.9642857142857143,0.9534883720930233,0.9295774647887324,0.9356312292358804,0.9152542372881356,0.2747463881969452,0.9958471760797343,0.9642857142857143,0.9069767441860465,0.9295774647887324,0.9356312292358804,0.9152542372881356,0.2747463881969452,0.9958471760797343,0.9642857142857143,0.9069767441860465,0.2747463881969452,0.2747463881969452,0.125,0.09090909090909094,6,7,30,light,11,0.875,0.053229665071770293,2,,1,42,26
method-irm-2-20260715-190732,method,irm,2,42,sweep-20260715-174842,0.987390350877193,0.9436619718309859,0.9285714285714286,0.9230769230769231,0.5,0.9900332225913622,0.8571428571428571,1.0,0.9295774647887324,0.9356312292358804,0.9152542372881356,0.016739703714847565,0.9900332225913622,0.9642857142857143,0.9069767441860465,0.9295774647887324,0.9356312292358804,0.9152542372881356,0.016739703714847565,0.9900332225913622,0.9642857142857143,0.9069767441860465,0.016739703714847565,0.016739703714847565,0.25,0.052631578947368474,6,1,49,light,4,0.75,,1,,1,24,8
method-irm-indist-s1-20260715-223337,method,irm,indist,1,sweep-20260715-213431,0.989648033126294,0.8403361344537815,0.8836553945249597,0.7323943661971831,0.5,0.961352657004831,0.9629629629629629,0.8043478260869565,0.8991596638655462,0.9086151368760065,0.8064516129032258,0.7830172181129456,0.961352657004831,0.9259259259259259,0.8913043478260869,0.7815126050420168,0.8456119162640902,0.6666666666666666,0.3183740973472595,0.961352657004831,0.9629629629629629,0.7282608695652174,0.7830172181129456,0.3183740973472595,0.24838709677419357,0.4,6,7,36,tan,36,0.7516129032258064,0.18838709677419352,4,0.18838709677419352,3,42,26
method-irm-indist-s2-20260715-225952,method,irm,indist,2,sweep-20260715-213431,0.9922360248447205,0.8151260504201681,0.8542673107890499,0.6944444444444444,0.5,0.9581320450885669,0.9259259259259259,0.782608695652174,0.9411764705882353,0.9096215780998389,0.8679245283018868,0.8445372581481934,0.9581320450885669,0.8518518518518519,0.967391304347826,0.7815126050420168,0.8586956521739131,0.675,0.3113064169883728,0.9581320450885669,1.0,0.717391304347826,0.8445372581481934,0.3113064169883728,0.2777777777777778,0.5,5,4,42,intermediate,42,0.7222222222222222,0.2777777777777778,4,0.2777777777777778,3,39,23
method-irm-indist-20260715-181917,method,irm,indist,42,sweep-20260715-174842,0.989648033126294,0.9411764705882353,0.9357890499194848,0.8771929824561403,0.5,0.9802737520128825,0.9259259259259259,0.9456521739130435,0.9411764705882353,0.9357890499194848,0.8771929824561403,0.5322558879852295,0.9802737520128825,0.9259259259259259,0.9456521739130435,0.865546218487395,0.9130434782608696,0.7714285714285715,0.006029186304658651,0.9802737520128825,1.0,0.8260869565217391,0.5322558879852295,0.006029186304658651,0.19791666666666674,0.33333333333333337,6,3,35,intermediate,35,0.8020833333333333,0.19791666666666674,5,0.19791666666666674,3,27,11
method-ours-0-s1-20260716-024949,method,ours,0,1,sweep-20260715-213431,0.994579945799458,0.7709251101321586,0.6706617565003905,0.5229357798165137,0.5,0.848566008258007,0.3931034482758621,0.948220064724919,0.7775330396475771,0.7432317821671688,0.6505190311418685,0.3849360942840576,0.848566008258007,0.6482758620689655,0.8381877022653722,0.7268722466960352,0.7719004575382211,0.6770833333333334,0.2805243730545044,0.848566008258007,0.896551724137931,0.6472491909385113,0.3849360942840576,0.2805243730545044,0.30387226552677893,0.19222819346837527,5,6,182,light,138,0.6961277344732211,0.07478311022844619,4,0.07478311022844619,4,35,19
method-ours-0-s2-20260716-025502,method,ours,0,2,sweep-20260715-213431,1.0,0.8039647577092511,0.7553286463564335,0.6691449814126395,0.5,0.8518468920879366,0.6206896551724138,0.889967637540453,0.8039647577092511,0.7553286463564335,0.6691449814126395,0.4945128262042999,0.8518468920879366,0.6206896551724138,0.889967637540453,0.8039647577092511,0.7553286463564335,0.6691449814126395,0.4945128262042999,0.8518468920879366,0.6206896551724138,0.889967637540453,0.4945128262042999,0.4945128262042999,0.32753036437246963,0.7660256410256411,6,29,145,dark,85,0.5961538461538461,0.32753036437246963,6,0.32753036437246963,6,25,9
method-ours-0-20260715-195558,method,ours,0,42,sweep-20260715-174842,1.0,0.8105726872246696,0.7601830152884723,0.6766917293233082,0.5,0.851779935275081,0.6206896551724138,0.8996763754045307,0.7995594713656388,0.768563776364245,0.6851211072664359,0.1940697878599167,0.851779935275081,0.6827586206896552,0.8543689320388349,0.7995594713656388,0.768563776364245,0.6851211072664359,0.1940697878599167,0.851779935275081,0.6827586206896552,0.8543689320388349,0.1940697878599167,0.1940697878599167,0.36431623931623935,0.9230769230769231,6,10,118,dark,10,0.5,0.36431623931623935,6,0.25542735042735054,5,22,6
method-ours-1-s1-20260716-025850,method,ours,1,1,sweep-20260715-213431,0.9731147540983606,0.9404255319148936,0.8051994301994302,0.7083333333333334,0.5,0.9227207977207976,0.6296296296296297,0.9807692307692307,0.8638297872340426,0.8263888888888888,0.5675675675675675,0.007364803925156593,0.9227207977207976,0.7777777777777778,0.875,0.7276595744680852,0.8139245014245013,0.43859649122807015,0.00012651945871766657,0.9227207977207976,0.9259259259259259,0.7019230769230769,0.007364803925156593,0.00012651945871766657,0.30544871794871786,0.8,5,5,91,intermediate,53,0.5791666666666667,0.30544871794871786,4,0.2984375,3,23,7
method-ours-1-s2-20260716-030413,method,ours,1,2,sweep-20260715-213431,0.981639344262295,0.8936170212765957,0.891559829059829,0.6575342465753424,0.5,0.9478276353276354,0.8888888888888888,0.8942307692307693,0.9106382978723404,0.8689458689458689,0.676923076923077,0.7130255699157715,0.9478276353276354,0.8148148148148148,0.9230769230769231,0.774468085106383,0.8564814814814814,0.49523809523809526,0.01574026420712471,0.9478276353276354,0.9629629629629629,0.75,0.7130255699157715,0.01574026420712471,0.25819287095882837,0.4285714285714286,5,10,68,tan,62,0.7311688311688311,0.25819287095882837,5,0.25819287095882837,4,23,7
method-ours-1-20260715-195920,method,ours,1,42,sweep-20260715-174842,0.980983606557377,0.9148936170212766,0.8874643874643875,0.696969696969697,0.5,0.9423076923076923,0.8518518518518519,0.9230769230769231,0.8127659574468085,0.8781160968660968,0.5416666666666666,0.0036017661914229393,0.9423076923076923,0.9629629629629629,0.7932692307692307,0.8425531914893617,0.8788283475783476,0.5747126436781609,0.007967397570610046,0.9423076923076923,0.9259259259259259,0.8317307692307693,0.0036017661914229393,0.007967397570610046,0.16666666666666674,0.040000000000000036,3,1,229,light,5,0.8333333333333333,,1,,1,33,17
method-ours-2-s1-20260716-030936,method,ours,2,1,sweep-20260715-213431,0.9764254385964912,0.9436619718309859,0.941029900332226,0.9285714285714286,0.5,0.9933554817275748,0.9285714285714286,0.9534883720930233,0.971830985915493,0.9642857142857143,0.9629629629629629,0.8034335374832153,0.9933554817275748,0.9285714285714286,1.0,0.9295774647887324,0.9294019933554818,0.9122807017543859,0.10535265505313873,0.9933554817275748,0.9285714285714286,0.9302325581395349,0.8034335374832153,0.10535265505313873,0.19999999999999996,0.4,6,7,17,very_light,16,0.8,0.19999999999999996,4,,0,25,9
method-ours-2-s2-20260716-031656,method,ours,2,2,sweep-20260715-213431,0.9775219298245614,0.8873239436619719,0.8633720930232558,0.84,0.5,0.9534883720930233,0.75,0.9767441860465116,0.9014084507042254,0.912375415282392,0.8852459016393442,0.1565741002559662,0.9534883720930233,0.9642857142857143,0.8604651162790697,0.9014084507042254,0.912375415282392,0.8852459016393442,0.1565741002559662,0.9534883720930233,0.9642857142857143,0.8604651162790697,0.1565741002559662,0.1565741002559662,0.16666666666666674,0.04761904761904767,5,2,52,tan,5,0.8333333333333333,,1,,1,19,3
method-ours-2-20260715-200659,method,ours,2,42,sweep-20260715-174842,0.9857456140350878,0.9577464788732394,0.9464285714285714,0.9433962264150944,0.5,0.9908637873754154,0.8928571428571429,1.0,0.9436619718309859,0.9348006644518272,0.9259259259259259,0.23419873416423798,0.9908637873754154,0.8928571428571429,0.9767441860465116,0.9436619718309859,0.9348006644518272,0.9259259259259259,0.23419873416423798,0.9908637873754154,0.8928571428571429,0.9767441860465116,0.23419873416423798,0.23419873416423798,1.0,1.0,4,1,63,tan,1,0.0,,1,,1,29,13
method-ours-indist-s1-20260716-022837,method,ours,indist,1,sweep-20260715-213431,0.9974120082815735,0.9411764705882353,0.9619565217391304,0.8852459016393442,0.5,0.9770531400966184,1.0,0.9239130434782609,0.9411764705882353,0.9227053140096618,0.8727272727272727,0.9654648900032043,0.9770531400966184,0.8888888888888888,0.9565217391304348,0.9495798319327731,0.9673913043478262,0.9,0.6488080620765686,0.9770531400966184,1.0,0.9347826086956522,0.9654648900032043,0.6488080620765686,0.19166666666666665,0.25,6,2,31,tan,23,0.8083333333333333,0.19166666666666665,5,0.19166666666666665,3,28,12
method-ours-indist-s2-20260716-023635,method,ours,indist,2,sweep-20260715-213431,0.9994824016563146,0.9411764705882353,0.9357890499194848,0.8771929824561403,0.5,0.9730273752012882,0.9259259259259259,0.9456521739130435,0.9411764705882353,0.9357890499194848,0.8771929824561403,0.4010618329048157,0.9730273752012882,0.9259259259259259,0.9456521739130435,0.9243697478991597,0.8856682769726247,0.8301886792452831,0.9438337087631226,0.9730273752012882,0.8148148148148148,0.9565217391304348,0.4010618329048157,0.9438337087631226,0.19999999999999996,0.4,5,5,49,intermediate,17,0.8,0.19999999999999996,4,0.053153153153153165,2,49,33
method-ours-indist-20260715-194846,method,ours,indist,42,sweep-20260715-174842,0.9870600414078675,0.9243697478991597,0.8856682769726247,0.8301886792452831,0.5,0.9665861513687601,0.8148148148148148,0.9565217391304348,0.9243697478991597,0.8856682769726247,0.8301886792452831,0.3714333474636078,0.9665861513687601,0.8148148148148148,0.9565217391304348,0.8739495798319328,0.8923107890499196,0.7692307692307693,0.0030615930445492268,0.9665861513687601,0.9259259259259259,0.8586956521739131,0.3714333474636078,0.0030615930445492268,0.25,0.5,6,1,73,tan,7,0.75,0.1282894736842104,3,0.10745614035087714,2,26,10
method-ours_bg-0-s1-20260716-034653,method,ours_bg,0,1,sweep-20260715-213431,0.997289972899729,0.73568281938326,0.7673920321392702,0.6739130434782609,0.5,0.8388349514563108,0.8551724137931035,0.6796116504854369,0.7775330396475771,0.7816649927463453,0.6948640483383686,0.8208017945289612,0.8388349514563108,0.7931034482758621,0.7702265372168284,0.7775330396475771,0.7816649927463453,0.6948640483383686,0.8208017945289612,0.8388349514563108,0.7931034482758621,0.7702265372168284,0.8208017945289612,0.8208017945289612,0.23839662447257381,0.6928571428571428,6,20,109,dark,20,0.6,0.23839662447257381,6,0.23839662447257381,6,24,8
method-ours_bg-0-s2-20260716-035100,method,ours_bg,0,2,sweep-20260715-213431,0.997289972899729,0.7819383259911894,0.6988840531190715,0.5787234042553191,0.5,0.8330543466131013,0.4689655172413793,0.9288025889967637,0.7731277533039648,0.7509764535208124,0.6600660066006601,0.042848892509937286,0.8330543466131013,0.6896551724137931,0.8122977346278317,0.7731277533039648,0.7509764535208124,0.6600660066006601,0.042848892509937286,0.8330543466131013,0.6896551724137931,0.8122977346278317,0.042848892509937286,0.042848892509937286,0.3533333333333334,0.6666666666666667,6,16,185,dark,37,0.6466666666666666,0.3533333333333334,6,0.12886524822695045,4,26,10
method-ours_bg-0-20260715-202443,method,ours_bg,0,42,sweep-20260715-174842,1.0,0.748898678414097,0.769780158464457,0.6779661016949152,0.5,0.8529182010936279,0.8275862068965517,0.7119741100323624,0.8083700440528634,0.7658855038500167,0.6836363636363636,0.9839656352996826,0.8529182010936279,0.6482758620689655,0.883495145631068,0.8083700440528634,0.7658855038500167,0.6836363636363636,0.9839656352996826,0.8529182010936279,0.6482758620689655,0.883495145631068,0.9839656352996826,0.9839656352996826,0.1658303185902672,0.6342105263157894,6,51,100,dark,51,0.6578947368421053,0.1658303185902672,6,0.1658303185902672,6,24,8
method-ours_bg-1-s1-20260716-035526,method,ours_bg,1,1,sweep-20260715-213431,0.9763934426229508,0.8978723404255319,0.8617343304843305,0.6470588235294118,0.5,0.934116809116809,0.8148148148148148,0.9086538461538461,0.902127659574468,0.8480235042735043,0.6461538461538462,0.611311137676239,0.934116809116809,0.7777777777777778,0.9182692307692307,0.8127659574468085,0.8458867521367521,0.5217391304347826,0.07119554281234741,0.934116809116809,0.8888888888888888,0.8028846153846154,0.611311137676239,0.07119554281234741,0.1896929824561404,0.33333333333333337,4,11,120,tan,11,0.7708333333333333,0.1896929824561404,4,0.1635566188197768,3,41,25
method-ours_bg-1-s2-20260716-040606,method,ours_bg,1,2,sweep-20260715-213431,0.9875409836065574,0.9276595744680851,0.7657585470085471,0.6382978723404256,0.5,0.9453347578347578,0.5555555555555556,0.9759615384615384,0.902127659574468,0.880252849002849,0.6666666666666666,0.009170419536530972,0.9453347578347578,0.8518518518518519,0.9086538461538461,0.902127659574468,0.880252849002849,0.6666666666666666,0.009170419536530972,0.9453347578347578,0.8518518518518519,0.9086538461538461,0.009170419536530972,0.009170419536530972,0.19318181818181812,0.5,5,19,83,brown,19,0.75,0.19318181818181812,5,0.16867201426024958,4,33,17
method-ours_bg-1-20260715-202848,method,ours_bg,1,42,sweep-20260715-174842,0.9796721311475409,0.9063829787234042,0.8020833333333333,0.6206896551724138,0.5,0.936965811965812,0.6666666666666666,0.9375,0.8893617021276595,0.8408119658119658,0.6176470588235294,0.33812859654426575,0.936965811965812,0.7777777777777778,0.9038461538461539,0.7702127659574468,0.8540776353276354,0.49056603773584906,0.04371210187673569,0.936965811965812,0.9629629629629629,0.7451923076923077,0.33812859654426575,0.04371210187673569,0.37808388157894735,0.8421052631578947,4,2,147,tan,2,0.5,0.16141721491228067,3,0.16141721491228067,3,24,8
method-ours_bg-2-s1-20260716-041444,method,ours_bg,2,1,sweep-20260715-213431,0.9758771929824561,0.9436619718309859,0.9285714285714286,0.9230769230769231,0.5,0.9842192691029901,0.8571428571428571,1.0,0.9014084507042254,0.9061461794019934,0.8813559322033898,0.03569459915161133,0.9842192691029901,0.9285714285714286,0.8837209302325582,0.8309859154929577,0.8604651162790697,0.8235294117647058,0.008164611645042896,0.9842192691029901,1.0,0.7209302325581395,0.03569459915161133,0.008164611645042896,0.25,0.5,6,5,26,brown,5,0.75,0.1071428571428572,3,,1,23,7
method-ours_bg-2-s2-20260716-042225,method,ours_bg,2,2,sweep-20260715-213431,0.9895833333333334,0.9154929577464789,0.8928571428571428,0.88,0.5,0.9950166112956811,0.7857142857142857,1.0,0.9577464788732394,0.9588870431893688,0.9473684210526315,0.012157639488577843,0.9950166112956811,0.9642857142857143,0.9534883720930233,0.9577464788732394,0.9588870431893688,0.9473684210526315,0.012157639488577843,0.9950166112956811,0.9642857142857143,0.9534883720930233,0.012157639488577843,0.012157639488577843,0.09999999999999998,0.19999999999999996,6,7,22,dark,7,0.9,0.0714285714285714,4,,1,23,7
method-ours_bg-2-20260715-203507,method,ours_bg,2,42,sweep-20260715-174842,0.9862938596491229,0.9436619718309859,0.9285714285714286,0.9230769230769231,0.5,0.9983388704318936,0.8571428571428571,1.0,0.9436619718309859,0.9534883720930232,0.9333333333333333,0.03742971643805504,0.9983388704318936,1.0,0.9069767441860465,0.9436619718309859,0.9534883720930232,0.9333333333333333,0.03742971643805504,0.9983388704318936,1.0,0.9069767441860465,0.03742971643805504,0.03742971643805504,0.19999999999999996,0.0,6,4,39,tan,6,0.8,0.045454545454545414,2,,1,28,12
method-ours_bg-indist-s1-20260716-032229,method,ours_bg,indist,1,sweep-20260715-213431,0.9906832298136646,0.9411764705882353,0.9096215780998389,0.8679245283018868,0.5,0.9794685990338164,0.8518518518518519,0.967391304347826,0.9495798319327731,0.9150563607085347,0.8846153846153846,0.7466610670089722,0.9794685990338164,0.8518518518518519,0.9782608695652174,0.9495798319327731,0.9150563607085347,0.8846153846153846,0.7466610670089722,0.9794685990338164,0.8518518518518519,0.9782608695652174,0.7466610670089722,0.7466610670089722,0.33333333333333337,0.6666666666666667,6,3,36,intermediate,16,0.6666666666666666,0.33333333333333337,5,0.1088709677419355,3,32,16
method-ours_bg-indist-s2-20260716-033233,method,ours_bg,indist,2,sweep-20260715-213431,0.9927536231884058,0.9411764705882353,0.9357890499194848,0.8771929824561403,0.5,0.9649758454106281,0.9259259259259259,0.9456521739130435,0.8571428571428571,0.8814412238325282,0.746268656716418,0.002138680312782526,0.9649758454106281,0.9259259259259259,0.8369565217391305,0.9327731092436975,0.9303542673107891,0.8620689655172413,0.14146864414215088,0.9649758454106281,0.9259259259259259,0.9347826086956522,0.002138680312782526,0.14146864414215088,0.2666666666666666,0.33333333333333337,6,2,37,tan,36,0.7333333333333334,0.2212121212121212,5,0.19770114942528727,2,46,30
method-ours_bg-indist-20260715-201530,method,ours_bg,indist,42,sweep-20260715-174842,0.9937888198757764,0.9159663865546218,0.893317230273752,0.8214285714285714,0.5,0.9758454106280194,0.8518518518518519,0.9347826086956522,0.9327731092436975,0.9434380032206119,0.8666666666666667,0.22170934081077576,0.9758454106280194,0.9629629629629629,0.9239130434782609,0.9327731092436975,0.9434380032206119,0.8666666666666667,0.24420279264450073,0.9758454106280194,0.9629629629629629,0.9239130434782609,0.22170934081077576,0.24420279264450073,0.12698412698412698,0.1428571428571429,6,2,27,tan,25,0.873015873015873,0.12698412698412698,5,0.12698412698412698,4,29,13
