run,group,method,split,seed,stratum,n,pos,balanced_acc,sensitivity,specificity,auc
method-erm-indist-20260715-174843,method,erm,indist,42,very_light,26,14,0.875,1.0,0.75,0.9285714285714285
method-erm-indist-20260715-174843,method,erm,indist,42,light,24,2,0.9318181818181819,1.0,0.8636363636363636,1.0
method-erm-indist-20260715-174843,method,erm,indist,42,intermediate,32,2,0.7166666666666667,0.5,0.9333333333333333,0.9333333333333333
method-erm-indist-20260715-174843,method,erm,indist,42,tan,28,4,0.8541666666666667,0.75,0.9583333333333334,0.8958333333333333
method-erm-indist-20260715-174843,method,erm,indist,42,brown,7,3,1.0,1.0,1.0,1.0
method-erm-indist-20260715-174843,method,erm,indist,42,dark,2,2,1.0,1.0,,
method-erm-0-20260715-175910,method,erm,0,42,very_light,28,18,0.6,1.0,0.2,0.9388888888888888
method-erm-0-20260715-175910,method,erm,0,42,light,66,24,0.5595238095238095,1.0,0.11904761904761904,0.8075396825396826
method-erm-0-20260715-175910,method,erm,0,42,intermediate,100,38,0.7126485568760611,0.9736842105263158,0.45161290322580644,0.7941426146010186
method-erm-0-20260715-175910,method,erm,0,42,tan,162,43,0.8145397693961305,0.813953488372093,0.8151260504201681,0.9276920070353722
method-erm-0-20260715-175910,method,erm,0,42,brown,90,19,0.6893995552260934,0.42105263157894735,0.9577464788732394,0.7857672349888807
method-erm-0-20260715-175910,method,erm,0,42,dark,8,3,0.5,0.0,1.0,0.6666666666666666
method-erm-1-20260715-180318,method,erm,1,42,very_light,86,14,0.8670634920634921,0.9285714285714286,0.8055555555555556,0.9226190476190477
method-erm-1-20260715-180318,method,erm,1,42,light,89,12,0.7943722943722944,0.6666666666666666,0.922077922077922,0.9199134199134199
method-erm-1-20260715-180318,method,erm,1,42,intermediate,43,0,1.0,,1.0,
method-erm-1-20260715-180318,method,erm,1,42,tan,17,1,0.5,0.0,1.0,0.9375
method-erm-2-20260715-180826,method,erm,2,42,very_light,48,20,0.9642857142857143,1.0,0.9285714285714286,0.9982142857142857
method-erm-2-20260715-180826,method,erm,2,42,light,3,1,1.0,1.0,1.0,1.0
method-erm-2-20260715-180826,method,erm,2,42,intermediate,6,1,1.0,1.0,1.0,1.0
method-erm-2-20260715-180826,method,erm,2,42,tan,7,2,1.0,1.0,1.0,1.0
method-erm-2-20260715-180826,method,erm,2,42,brown,1,1,1.0,1.0,,
method-erm-2-20260715-180826,method,erm,2,42,dark,6,3,1.0,1.0,1.0,1.0
method-irm-indist-20260715-181917,method,irm,indist,42,very_light,17,10,0.8571428571428572,1.0,0.7142857142857143,0.8714285714285714
method-irm-indist-20260715-181917,method,irm,indist,42,light,21,4,1.0,1.0,1.0,1.0
method-irm-indist-20260715-181917,method,irm,indist,42,intermediate,35,3,0.8020833333333333,0.6666666666666666,0.9375,0.96875
method-irm-indist-20260715-181917,method,irm,indist,42,tan,31,5,0.9,0.8,1.0,0.9923076923076923
method-irm-indist-20260715-181917,method,irm,indist,42,brown,12,2,0.95,1.0,0.9,1.0
method-irm-indist-20260715-181917,method,irm,indist,42,dark,3,3,1.0,1.0,,
method-irm-0-20260715-183611,method,irm,0,42,very_light,24,16,0.90625,0.9375,0.875,0.96875
method-irm-0-20260715-183611,method,irm,0,42,light,77,26,0.6990950226244343,0.6923076923076923,0.7058823529411765,0.8273001508295625
method-irm-0-20260715-183611,method,irm,0,42,intermediate,114,46,0.6684782608695652,0.5869565217391305,0.75,0.7877237851662404
method-irm-0-20260715-183611,method,irm,0,42,tan,152,41,0.7251153592617008,0.5853658536585366,0.8648648648648649,0.8330037354427597
method-irm-0-20260715-183611,method,irm,0,42,brown,77,15,0.6172043010752688,0.26666666666666666,0.967741935483871,0.8290322580645162
method-irm-0-20260715-183611,method,irm,0,42,dark,10,1,0.5,0.0,1.0,0.6666666666666667
method-irm-1-20260715-184336,method,irm,1,42,very_light,34,9,0.96,1.0,0.92,0.9777777777777777
method-irm-1-20260715-184336,method,irm,1,42,light,80,9,0.7973395931142411,0.7777777777777778,0.8169014084507042,0.9045383411580595
method-irm-1-20260715-184336,method,irm,1,42,intermediate,73,6,0.7276119402985075,0.5,0.9552238805970149,0.9601990049751244
method-irm-1-20260715-184336,method,irm,1,42,tan,48,3,0.4888888888888889,0.0,0.9777777777777777,0.8074074074074074
method-irm-2-20260715-190732,method,irm,2,42,very_light,49,19,0.9403508771929825,0.9473684210526315,0.9333333333333333,0.987719298245614
method-irm-2-20260715-190732,method,irm,2,42,light,4,2,0.75,1.0,0.5,1.0
method-irm-2-20260715-190732,method,irm,2,42,intermediate,5,0,0.8,,0.8,
method-irm-2-20260715-190732,method,irm,2,42,tan,5,2,1.0,1.0,1.0,1.0
method-irm-2-20260715-190732,method,irm,2,42,brown,1,1,1.0,1.0,,
method-irm-2-20260715-190732,method,irm,2,42,dark,7,4,1.0,1.0,1.0,1.0
method-groupdro-indist-20260715-192357,method,groupdro,indist,42,very_light,12,6,0.9166666666666667,1.0,0.8333333333333334,0.9722222222222223
method-groupdro-indist-20260715-192357,method,groupdro,indist,42,light,20,5,1.0,1.0,1.0,1.0
method-groupdro-indist-20260715-192357,method,groupdro,indist,42,intermediate,32,3,1.0,1.0,1.0,1.0
method-groupdro-indist-20260715-192357,method,groupdro,indist,42,tan,34,6,0.7797619047619048,0.6666666666666666,0.8928571428571429,0.8571428571428572
method-groupdro-indist-20260715-192357,method,groupdro,indist,42,brown,18,4,0.8035714285714286,0.75,0.8571428571428571,0.9285714285714286
method-groupdro-indist-20260715-192357,method,groupdro,indist,42,dark,3,3,1.0,1.0,,
method-groupdro-0-20260715-192918,method,groupdro,0,42,very_light,28,17,0.7887700534759359,0.9411764705882353,0.6363636363636364,0.9251336898395721
method-groupdro-0-20260715-192918,method,groupdro,0,42,light,65,26,0.6794871794871795,0.8461538461538461,0.5128205128205128,0.7534516765285996
method-groupdro-0-20260715-192918,method,groupdro,0,42,intermediate,92,29,0.7536945812807883,0.7931034482758621,0.7142857142857143,0.8571428571428571
method-groupdro-0-20260715-192918,method,groupdro,0,42,tan,176,54,0.7316332726168793,0.5370370370370371,0.9262295081967213,0.8595931997571342
method-groupdro-0-20260715-192918,method,groupdro,0,42,brown,88,17,0.5306545153272576,0.11764705882352941,0.9436619718309859,0.7398508699254349
method-groupdro-0-20260715-192918,method,groupdro,0,42,dark,5,2,0.5,0.0,1.0,0.6666666666666667
method-groupdro-1-20260715-193300,method,groupdro,1,42,very_light,53,12,0.9217479674796748,0.9166666666666666,0.926829268292683,0.967479674796748
method-groupdro-1-20260715-193300,method,groupdro,1,42,light,88,10,0.7935897435897437,0.6,0.9871794871794872,0.9230769230769231
method-groupdro-1-20260715-193300,method,groupdro,1,42,intermediate,68,4,0.625,0.25,1.0,0.84375
method-groupdro-1-20260715-193300,method,groupdro,1,42,tan,26,1,0.5,0.0,1.0,0.76
method-groupdro-2-20260715-193810,method,groupdro,2,42,very_light,57,23,1.0,1.0,1.0,1.0
method-groupdro-2-20260715-193810,method,groupdro,2,42,light,3,1,0.5,0.0,1.0,0.0
method-groupdro-2-20260715-193810,method,groupdro,2,42,intermediate,4,0,1.0,,1.0,
method-groupdro-2-20260715-193810,method,groupdro,2,42,tan,2,2,1.0,1.0,,
method-groupdro-2-20260715-193810,method,groupdro,2,42,dark,5,2,1.0,1.0,1.0,1.0
method-ours-indist-20260715-194846,method,ours,indist,42,very_light,73,16,0.9199561403508771,0.875,0.9649122807017544,0.9747807017543859
method-ours-indist-20260715-194846,method,ours,indist,42,light,27,3,0.8125,0.6666666666666666,0.9583333333333334,0.9305555555555556
method-ours-indist-20260715-194846,method,ours,indist,42,intermediate,10,4,0.7916666666666667,0.75,0.8333333333333334,0.9583333333333334
method-ours-indist-20260715-194846,method,ours,indist,42,tan,7,2,0.75,0.5,1.0,1.0
method-ours-indist-20260715-194846,method,ours,indist,42,brown,1,1,1.0,1.0,,
method-ours-indist-20260715-194846,method,ours,indist,42,dark,1,1,1.0,1.0,,
method-ours-0-20260715-195558,method,ours,0,42,very_light,62,26,0.8643162393162394,0.9230769230769231,0.8055555555555556,0.9615384615384616
method-ours-0-20260715-195558,method,ours,0,42,light,85,28,0.7534461152882206,0.8928571428571429,0.6140350877192983,0.8220551378446116
method-ours-0-20260715-195558,method,ours,0,42,intermediate,111,34,0.7715813598166539,0.6470588235294118,0.8961038961038961,0.8433919022154316
method-ours-0-20260715-195558,method,ours,0,42,tan,118,36,0.7889566395663956,0.6388888888888888,0.9390243902439024,0.9065040650406504
method-ours-0-20260715-195558,method,ours,0,42,brown,68,18,0.6088888888888888,0.2777777777777778,0.94,0.8311111111111111
method-ours-0-20260715-195558,method,ours,0,42,dark,10,3,0.5,0.0,1.0,0.9047619047619048
method-ours-1-20260715-195920,method,ours,1,42,very_light,229,25,0.8770588235294117,0.96,0.7941176470588235,0.9411764705882354
method-ours-1-20260715-195920,method,ours,1,42,light,5,2,0.8333333333333333,1.0,0.6666666666666666,1.0
method-ours-1-20260715-195920,method,ours,1,42,intermediate,1,0,1.0,,1.0,
method-ours-2-20260715-200659,method,ours,2,42,very_light,63,23,0.9657608695652173,0.9565217391304348,0.975,0.9978260869565216
method-ours-2-20260715-200659,method,ours,2,42,light,3,1,0.5,0.0,1.0,1.0
method-ours-2-20260715-200659,method,ours,2,42,tan,1,1,0.0,0.0,,
method-ours-2-20260715-200659,method,ours,2,42,dark,4,3,1.0,1.0,1.0,1.0
method-ours_bg-indist-20260715-201530,method,ours_bg,indist,42,very_light,25,4,0.9761904761904762,1.0,0.9523809523809523,1.0
method-ours_bg-indist-20260715-201530,method,ours_bg,indist,42,light,27,4,1.0,1.0,1.0,1.0
method-ours_bg-indist-20260715-201530,method,ours_bg,indist,42,intermediate,23,3,0.9,1.0,0.8,0.8500000000000001
method-ours_bg-indist-20260715-201530,method,ours_bg,indist,42,tan,25,7,0.873015873015873,0.8571428571428571,0.8888888888888888,0.9444444444444444
method-ours_bg-indist-20260715-201530,method,ours_bg,indist,42,brown,17,7,1.0,1.0,1.0,1.0
method-ours_bg-indist-20260715-201530,method,ours_bg,indist,42,dark,2,2,1.0,1.0,,
method-ours_bg-0-20260715-202443,method,ours_bg,0,42,very_light,51,20,0.7975806451612903,0.95,0.6451612903225806,0.9064516129032257
method-ours_bg-0-20260715-202443,method,ours_bg,0,42,light,74,33,0.8237250554323725,0.8181818181818182,0.8292682926829268,0.9053954175905397
method-ours_bg-0-20260715-202443,method,ours_bg,0,42,intermediate,83,23,0.7510869565217391,0.6521739130434783,0.85,0.8702898550724638
method-ours_bg-0-20260715-202443,method,ours_bg,0,42,tan,95,29,0.7628004179728318,0.5862068965517241,0.9393939393939394,0.8892371995820272
method-ours_bg-0-20260715-202443,method,ours_bg,0,42,brown,100,21,0.7064496684749849,0.47619047619047616,0.9367088607594937,0.8432790837854129
method-ours_bg-0-20260715-202443,method,ours_bg,0,42,dark,51,19,0.6578947368421053,0.3157894736842105,1.0,0.856907894736842
method-ours_bg-1-20260715-202848,method,ours_bg,1,42,very_light,147,19,0.8780838815789473,0.8421052631578947,0.9140625,0.9391447368421053
method-ours_bg-1-20260715-202848,method,ours_bg,1,42,light,54,5,0.8285714285714285,0.8,0.8571428571428571,0.9428571428571428
method-ours_bg-1-20260715-202848,method,ours_bg,1,42,intermediate,32,2,0.7166666666666667,0.5,0.9333333333333333,0.9
method-ours_bg-1-20260715-202848,method,ours_bg,1,42,tan,2,1,0.5,0.0,1.0,1.0
method-ours_bg-2-20260715-203507,method,ours_bg,2,42,very_light,39,17,0.9545454545454546,1.0,0.9090909090909091,0.9973262032085561
method-ours_bg-2-20260715-203507,method,ours_bg,2,42,light,11,4,1.0,1.0,1.0,1.0
method-ours_bg-2-20260715-203507,method,ours_bg,2,42,intermediate,5,0,1.0,,1.0,
method-ours_bg-2-20260715-203507,method,ours_bg,2,42,tan,6,1,0.8,1.0,0.6,1.0
method-ours_bg-2-20260715-203507,method,ours_bg,2,42,brown,4,3,1.0,1.0,1.0,1.0
method-ours_bg-2-20260715-203507,method,ours_bg,2,42,dark,6,3,1.0,1.0,1.0,1.0
ablation-ours_full-indist-20260715-204433,ablation,ours_full,indist,42,very_light,80,17,0.8664799253034547,0.7647058823529411,0.9682539682539683,0.969187675070028
ablation-ours_full-indist-20260715-204433,ablation,ours_full,indist,42,light,27,4,0.8532608695652174,0.75,0.9565217391304348,0.9782608695652174
ablation-ours_full-indist-20260715-204433,ablation,ours_full,indist,42,intermediate,5,2,1.0,1.0,1.0,1.0
ablation-ours_full-indist-20260715-204433,ablation,ours_full,indist,42,tan,4,1,0.8333333333333333,1.0,0.6666666666666666,1.0
ablation-ours_full-indist-20260715-204433,ablation,ours_full,indist,42,brown,2,2,0.5,0.5,,
ablation-ours_full-indist-20260715-204433,ablation,ours_full,indist,42,dark,1,1,1.0,1.0,,
ablation-ours_no_scin-indist-20260715-205147,ablation,ours_no_scin,indist,42,very_light,36,11,0.94,1.0,0.88,0.9600000000000001
ablation-ours_no_scin-indist-20260715-205147,ablation,ours_no_scin,indist,42,light,38,4,0.9705882352941176,1.0,0.9411764705882353,0.9852941176470588
ablation-ours_no_scin-indist-20260715-205147,ablation,ours_no_scin,indist,42,intermediate,30,5,0.96,1.0,0.92,0.984
ablation-ours_no_scin-indist-20260715-205147,ablation,ours_no_scin,indist,42,tan,10,4,0.9166666666666667,1.0,0.8333333333333334,1.0
ablation-ours_no_scin-indist-20260715-205147,ablation,ours_no_scin,indist,42,brown,4,2,1.0,1.0,1.0,1.0
ablation-ours_no_scin-indist-20260715-205147,ablation,ours_no_scin,indist,42,dark,1,1,1.0,1.0,,
ablation-ours_no_disent-indist-20260715-205957,ablation,ours_no_disent,indist,42,very_light,44,10,0.9852941176470589,1.0,0.9705882352941176,1.0
ablation-ours_no_disent-indist-20260715-205957,ablation,ours_no_disent,indist,42,light,30,5,0.98,1.0,0.96,0.984
ablation-ours_no_disent-indist-20260715-205957,ablation,ours_no_disent,indist,42,intermediate,24,5,0.6947368421052631,0.6,0.7894736842105263,0.8947368421052633
ablation-ours_no_disent-indist-20260715-205957,ablation,ours_no_disent,indist,42,tan,14,3,0.9545454545454546,1.0,0.9090909090909091,1.0
ablation-ours_no_disent-indist-20260715-205957,ablation,ours_no_disent,indist,42,brown,6,3,1.0,1.0,1.0,1.0
ablation-ours_no_disent-indist-20260715-205957,ablation,ours_no_disent,indist,42,dark,1,1,1.0,1.0,,
ablation-ours_no_causal-indist-20260715-211305,ablation,ours_no_causal,indist,42,very_light,90,19,0.9121571534469978,0.8947368421052632,0.9295774647887324,0.9718309859154929
ablation-ours_no_causal-indist-20260715-211305,ablation,ours_no_causal,indist,42,light,19,5,0.9642857142857143,1.0,0.9285714285714286,0.9285714285714286
ablation-ours_no_causal-indist-20260715-211305,ablation,ours_no_causal,indist,42,intermediate,7,2,0.9,1.0,0.8,1.0
ablation-ours_no_causal-indist-20260715-211305,ablation,ours_no_causal,indist,42,tan,2,0,1.0,,1.0,
ablation-ours_no_causal-indist-20260715-211305,ablation,ours_no_causal,indist,42,dark,1,1,1.0,1.0,,
ablation-ours_no_mixstyle-indist-20260715-211926,ablation,ours_no_mixstyle,indist,42,very_light,73,17,0.9527310924369747,0.9411764705882353,0.9642857142857143,0.9726890756302521
ablation-ours_no_mixstyle-indist-20260715-211926,ablation,ours_no_mixstyle,indist,42,light,23,3,0.6666666666666666,0.3333333333333333,1.0,0.9166666666666666
ablation-ours_no_mixstyle-indist-20260715-211926,ablation,ours_no_mixstyle,indist,42,intermediate,11,2,1.0,1.0,1.0,1.0
ablation-ours_no_mixstyle-indist-20260715-211926,ablation,ours_no_mixstyle,indist,42,tan,8,1,0.9285714285714286,1.0,0.8571428571428571,1.0
ablation-ours_no_mixstyle-indist-20260715-211926,ablation,ours_no_mixstyle,indist,42,brown,3,3,1.0,1.0,,
ablation-ours_no_mixstyle-indist-20260715-211926,ablation,ours_no_mixstyle,indist,42,dark,1,1,1.0,1.0,,
ablation-ours_no_lora-indist-20260715-213009,ablation,ours_no_lora,indist,42,very_light,65,12,0.5,1.0,0.0,0.5
ablation-ours_no_lora-indist-20260715-213009,ablation,ours_no_lora,indist,42,light,28,9,0.5,1.0,0.0,0.5
ablation-ours_no_lora-indist-20260715-213009,ablation,ours_no_lora,indist,42,intermediate,16,3,0.5,1.0,0.0,0.5
ablation-ours_no_lora-indist-20260715-213009,ablation,ours_no_lora,indist,42,tan,8,3,0.5,1.0,0.0,0.5
ablation-ours_no_lora-indist-20260715-213009,ablation,ours_no_lora,indist,42,brown,2,0,0.0,,0.0,
method-erm-indist-s1-20260715-213432,method,erm,indist,1,very_light,14,3,1.0,1.0,1.0,1.0
method-erm-indist-s1-20260715-213432,method,erm,indist,1,light,39,6,1.0,1.0,1.0,1.0
method-erm-indist-s1-20260715-213432,method,erm,indist,1,intermediate,23,4,0.6973684210526316,0.5,0.8947368421052632,0.8815789473684211
method-erm-indist-s1-20260715-213432,method,erm,indist,1,tan,27,6,0.9047619047619048,1.0,0.8095238095238095,0.9325396825396826
method-erm-indist-s1-20260715-213432,method,erm,indist,1,brown,14,7,1.0,1.0,1.0,1.0
method-erm-indist-s1-20260715-213432,method,erm,indist,1,dark,2,1,1.0,1.0,1.0,1.0
method-erm-indist-s2-20260715-214123,method,erm,indist,2,very_light,29,11,0.8156565656565656,0.9090909090909091,0.7222222222222222,0.9595959595959597
method-erm-indist-s2-20260715-214123,method,erm,indist,2,light,42,8,0.9117647058823529,1.0,0.8235294117647058,0.9558823529411764
method-erm-indist-s2-20260715-214123,method,erm,indist,2,intermediate,32,6,1.0,1.0,1.0,1.0
method-erm-indist-s2-20260715-214123,method,erm,indist,2,tan,15,2,0.9615384615384616,1.0,0.9230769230769231,1.0
method-erm-indist-s2-20260715-214123,method,erm,indist,2,brown,1,0,1.0,,1.0,
method-erm-0-s1-20260715-214912,method,erm,0,1,very_light,74,30,0.7454545454545455,0.9,0.5909090909090909,0.8727272727272727
method-erm-0-s1-20260715-214912,method,erm,0,1,light,98,32,0.7320075757575757,0.8125,0.6515151515151515,0.8025568181818181
method-erm-0-s1-20260715-214912,method,erm,0,1,intermediate,112,37,0.7846846846846847,0.7027027027027027,0.8666666666666667,0.8414414414414415
method-erm-0-s1-20260715-214912,method,erm,0,1,tan,107,24,0.6393072289156627,0.375,0.9036144578313253,0.7720883534136546
method-erm-0-s1-20260715-214912,method,erm,0,1,brown,58,20,0.7236842105263157,0.5,0.9473684210526315,0.868421052631579
method-erm-0-s1-20260715-214912,method,erm,0,1,dark,5,2,0.5,0.0,1.0,0.8333333333333334
method-erm-0-s2-20260715-215422,method,erm,0,2,very_light,42,22,0.7522727272727273,0.9545454545454546,0.55,0.9022727272727273
method-erm-0-s2-20260715-215422,method,erm,0,2,light,109,45,0.7560763888888888,0.7777777777777778,0.734375,0.8128472222222222
method-erm-0-s2-20260715-215422,method,erm,0,2,intermediate,137,43,0.7002721425037111,0.5813953488372093,0.8191489361702128,0.8142008906481939
method-erm-0-s2-20260715-215422,method,erm,0,2,tan,133,30,0.6847896440129451,0.4666666666666667,0.9029126213592233,0.8197411003236246
method-erm-0-s2-20260715-215422,method,erm,0,2,brown,33,5,0.7642857142857142,0.6,0.9285714285714286,0.9571428571428572
method-erm-1-s1-20260715-220011,method,erm,1,1,very_light,101,16,0.8768382352941176,0.8125,0.9411764705882353,0.9610294117647059
method-erm-1-s1-20260715-220011,method,erm,1,1,light,84,10,0.6229729729729729,0.3,0.9459459459459459,0.8635135135135135
method-erm-1-s1-20260715-220011,method,erm,1,1,intermediate,46,1,1.0,1.0,1.0,1.0
method-erm-1-s1-20260715-220011,method,erm,1,1,tan,4,0,1.0,,1.0,
method-erm-1-s2-20260715-221058,method,erm,1,2,very_light,82,17,0.7936651583710408,0.9411764705882353,0.6461538461538462,0.9475113122171945
method-erm-1-s2-20260715-221058,method,erm,1,2,light,73,7,0.6872294372294372,0.5714285714285714,0.803030303030303,0.9004329004329004
method-erm-1-s2-20260715-221058,method,erm,1,2,intermediate,57,3,0.8148148148148148,0.6666666666666666,0.9629629629629629,0.7901234567901234
method-erm-1-s2-20260715-221058,method,erm,1,2,tan,23,0,1.0,,1.0,
method-erm-2-s1-20260715-221633,method,erm,2,1,very_light,55,24,1.0,1.0,1.0,1.0
method-erm-2-s1-20260715-221633,method,erm,2,1,light,4,0,1.0,,1.0,
method-erm-2-s1-20260715-221633,method,erm,2,1,intermediate,5,2,1.0,1.0,1.0,1.0
method-erm-2-s1-20260715-221633,method,erm,2,1,tan,3,2,1.0,1.0,1.0,1.0
method-erm-2-s1-20260715-221633,method,erm,2,1,brown,1,0,1.0,,1.0,
method-erm-2-s1-20260715-221633,method,erm,2,1,dark,3,0,1.0,,1.0,
method-erm-2-s2-20260715-222521,method,erm,2,2,very_light,49,24,1.0,1.0,1.0,1.0
method-erm-2-s2-20260715-222521,method,erm,2,2,light,5,1,0.5,0.0,1.0,1.0
method-erm-2-s2-20260715-222521,method,erm,2,2,intermediate,4,0,1.0,,1.0,
method-erm-2-s2-20260715-222521,method,erm,2,2,tan,8,3,0.8333333333333333,0.6666666666666666,1.0,1.0
method-erm-2-s2-20260715-222521,method,erm,2,2,brown,2,0,1.0,,1.0,
method-erm-2-s2-20260715-222521,method,erm,2,2,dark,3,0,1.0,,1.0,
method-irm-indist-s1-20260715-223337,method,irm,indist,1,very_light,8,3,0.9,1.0,0.8,1.0
method-irm-indist-s1-20260715-223337,method,irm,indist,1,light,7,4,1.0,1.0,1.0,1.0
method-irm-indist-s1-20260715-223337,method,irm,indist,1,intermediate,23,0,0.9130434782608695,,0.9130434782608695,
method-irm-indist-s1-20260715-223337,method,irm,indist,1,tan,36,5,0.7516129032258064,0.6,0.9032258064516129,0.8580645161290322
method-irm-indist-s1-20260715-223337,method,irm,indist,1,brown,33,8,0.94,1.0,0.88,0.99
method-irm-indist-s1-20260715-223337,method,irm,indist,1,dark,12,7,0.9,1.0,0.8,1.0
method-irm-indist-s2-20260715-225952,method,irm,indist,2,very_light,14,7,1.0,1.0,1.0,1.0
method-irm-indist-s2-20260715-225952,method,irm,indist,2,light,29,6,0.894927536231884,0.8333333333333334,0.9565217391304348,0.9202898550724639
method-irm-indist-s2-20260715-225952,method,irm,indist,2,intermediate,42,6,0.7222222222222222,0.5,0.9444444444444444,0.9212962962962963
method-irm-indist-s2-20260715-225952,method,irm,indist,2,tan,30,8,1.0,1.0,1.0,1.0
method-irm-indist-s2-20260715-225952,method,irm,indist,2,brown,4,0,1.0,,1.0,
method-irm-0-s1-20260715-232411,method,irm,0,1,very_light,27,18,0.6666666666666666,1.0,0.3333333333333333,0.9135802469135802
method-irm-0-s1-20260715-232411,method,irm,0,1,light,67,21,0.7696687370600415,0.9523809523809523,0.5869565217391305,0.8519668737060041
method-irm-0-s1-20260715-232411,method,irm,0,1,intermediate,111,27,0.7275132275132274,0.7407407407407407,0.7142857142857143,0.7791005291005291
method-irm-0-s1-20260715-232411,method,irm,0,1,tan,149,45,0.7675213675213675,0.6888888888888889,0.8461538461538461,0.8621794871794872
method-irm-0-s1-20260715-232411,method,irm,0,1,brown,95,32,0.7879464285714286,0.71875,0.8571428571428571,0.8591269841269841
method-irm-0-s1-20260715-232411,method,irm,0,1,dark,5,2,0.5,0.0,1.0,1.0
method-irm-0-s2-20260715-233310,method,irm,0,2,very_light,33,20,0.6153846153846154,1.0,0.23076923076923078,0.923076923076923
method-irm-0-s2-20260715-233310,method,irm,0,2,light,61,28,0.6515151515151515,1.0,0.30303030303030304,0.8798701298701299
method-irm-0-s2-20260715-233310,method,irm,0,2,intermediate,132,42,0.7206349206349206,0.7857142857142857,0.6555555555555556,0.837037037037037
method-irm-0-s2-20260715-233310,method,irm,0,2,tan,174,43,0.7494230427835966,0.6744186046511628,0.8244274809160306,0.8384519794070654
method-irm-0-s2-20260715-233310,method,irm,0,2,brown,54,12,0.75,0.6666666666666666,0.8333333333333334,0.8194444444444444
method-irm-1-s1-20260715-234918,method,irm,1,1,very_light,36,10,0.823076923076923,0.8,0.8461538461538461,0.9153846153846154
method-irm-1-s1-20260715-234918,method,irm,1,1,light,63,8,0.7670454545454546,0.625,0.9090909090909091,0.9386363636363637
method-irm-1-s1-20260715-234918,method,irm,1,1,intermediate,67,4,0.9920634920634921,1.0,0.9841269841269841,1.0
method-irm-1-s1-20260715-234918,method,irm,1,1,tan,51,5,0.6,0.2,1.0,0.817391304347826
method-irm-1-s1-20260715-234918,method,irm,1,1,brown,16,0,1.0,,1.0,
method-irm-1-s1-20260715-234918,method,irm,1,1,dark,2,0,1.0,,1.0,
method-irm-1-s2-20260716-001214,method,irm,1,2,very_light,60,11,0.8079777365491652,0.6363636363636364,0.9795918367346939,0.9684601113172542
method-irm-1-s2-20260716-001214,method,irm,1,2,light,89,12,0.7175324675324675,0.5,0.935064935064935,0.8528138528138528
method-irm-1-s2-20260716-001214,method,irm,1,2,intermediate,50,3,0.6560283687943262,0.3333333333333333,0.9787234042553191,0.9290780141843972
method-irm-1-s2-20260716-001214,method,irm,1,2,tan,35,1,0.9852941176470589,1.0,0.9705882352941176,1.0
method-irm-1-s2-20260716-001214,method,irm,1,2,brown,1,0,1.0,,1.0,
method-irm-2-s1-20260716-003440,method,irm,2,1,very_light,65,27,0.9814814814814814,0.9629629629629629,1.0,1.0
method-irm-2-s1-20260716-003440,method,irm,2,1,light,1,0,1.0,,1.0,
method-irm-2-s1-20260716-003440,method,irm,2,1,intermediate,2,1,1.0,1.0,1.0,1.0
method-irm-2-s1-20260716-003440,method,irm,2,1,tan,1,0,1.0,,1.0,
method-irm-2-s1-20260716-003440,method,irm,2,1,brown,1,0,1.0,,1.0,
method-irm-2-s1-20260716-003440,method,irm,2,1,dark,1,0,1.0,,1.0,
method-irm-2-s2-20260716-005105,method,irm,2,2,very_light,30,11,0.9282296650717703,0.9090909090909091,0.9473684210526315,0.9952153110047848
method-irm-2-s2-20260716-005105,method,irm,2,2,light,11,3,0.875,1.0,0.75,1.0
method-irm-2-s2-20260716-005105,method,irm,2,2,intermediate,7,3,0.875,1.0,0.75,1.0
method-irm-2-s2-20260716-005105,method,irm,2,2,tan,8,2,1.0,1.0,1.0,1.0
method-irm-2-s2-20260716-005105,method,irm,2,2,brown,8,3,1.0,1.0,1.0,1.0
method-irm-2-s2-20260716-005105,method,irm,2,2,dark,7,6,1.0,1.0,1.0,1.0
method-groupdro-indist-s1-20260716-011943,method,groupdro,indist,1,very_light,14,3,1.0,1.0,1.0,1.0
method-groupdro-indist-s1-20260716-011943,method,groupdro,indist,1,light,35,5,1.0,1.0,1.0,1.0
method-groupdro-indist-s1-20260716-011943,method,groupdro,indist,1,intermediate,27,3,0.8125,0.6666666666666666,0.9583333333333334,0.8472222222222222
method-groupdro-indist-s1-20260716-011943,method,groupdro,indist,1,tan,31,8,0.8505434782608696,0.875,0.8260869565217391,0.9456521739130435
method-groupdro-indist-s1-20260716-011943,method,groupdro,indist,1,brown,11,7,1.0,1.0,1.0,1.0
method-groupdro-indist-s1-20260716-011943,method,groupdro,indist,1,dark,1,1,1.0,1.0,,
method-groupdro-indist-s2-20260716-012940,method,groupdro,indist,2,very_light,21,9,0.9583333333333333,1.0,0.9166666666666666,1.0
method-groupdro-indist-s2-20260716-012940,method,groupdro,indist,2,light,36,7,0.8423645320197044,0.8571428571428571,0.8275862068965517,0.9458128078817734
method-groupdro-indist-s2-20260716-012940,method,groupdro,indist,2,intermediate,44,8,0.8472222222222222,0.75,0.9444444444444444,0.9565972222222223
method-groupdro-indist-s2-20260716-012940,method,groupdro,indist,2,tan,15,2,1.0,1.0,1.0,1.0
method-groupdro-indist-s2-20260716-012940,method,groupdro,indist,2,brown,3,1,1.0,1.0,1.0,1.0
method-groupdro-0-s1-20260716-014009,method,groupdro,0,1,very_light,43,23,0.8097826086956521,0.8695652173913043,0.75,0.9043478260869565
method-groupdro-0-s1-20260716-014009,method,groupdro,0,1,light,82,25,0.7684210526315789,0.8,0.7368421052631579,0.8238596491228071
method-groupdro-0-s1-20260716-014009,method,groupdro,0,1,intermediate,91,29,0.6893770856507231,0.6206896551724138,0.7580645161290323,0.7903225806451614
method-groupdro-0-s1-20260716-014009,method,groupdro,0,1,tan,132,36,0.7708333333333333,0.6666666666666666,0.875,0.8828125
method-groupdro-0-s1-20260716-014009,method,groupdro,0,1,brown,91,25,0.7318181818181818,0.6,0.8636363636363636,0.8054545454545455
method-groupdro-0-s1-20260716-014009,method,groupdro,0,1,dark,15,7,0.5,0.0,1.0,0.8571428571428571
method-groupdro-0-s2-20260716-014505,method,groupdro,0,2,very_light,44,23,0.7380952380952381,1.0,0.47619047619047616,0.8819875776397517
method-groupdro-0-s2-20260716-014505,method,groupdro,0,2,light,90,39,0.7073906485671191,0.8461538461538461,0.5686274509803921,0.829059829059829
method-groupdro-0-s2-20260716-014505,method,groupdro,0,2,intermediate,119,43,0.7451040391676866,0.6744186046511628,0.8157894736842105,0.8540391676866586
method-groupdro-0-s2-20260716-014505,method,groupdro,0,2,tan,159,34,0.7167058823529412,0.5294117647058824,0.904,0.8520000000000001
method-groupdro-0-s2-20260716-014505,method,groupdro,0,2,brown,42,6,0.7638888888888888,0.6666666666666666,0.8611111111111112,0.9027777777777778
method-groupdro-1-s1-20260716-014920,method,groupdro,1,1,very_light,69,12,0.8640350877192983,0.8333333333333334,0.8947368421052632,0.9371345029239766
method-groupdro-1-s1-20260716-014920,method,groupdro,1,1,light,84,7,0.8246753246753247,0.7142857142857143,0.935064935064935,0.8923933209647494
method-groupdro-1-s1-20260716-014920,method,groupdro,1,1,intermediate,68,8,0.7958333333333334,0.625,0.9666666666666667,0.9520833333333333
method-groupdro-1-s1-20260716-014920,method,groupdro,1,1,tan,13,0,0.9230769230769231,,0.9230769230769231,
method-groupdro-1-s1-20260716-014920,method,groupdro,1,1,brown,1,0,1.0,,1.0,
method-groupdro-1-s2-20260716-015846,method,groupdro,1,2,very_light,44,12,0.8177083333333333,0.9166666666666666,0.71875,0.8958333333333333
method-groupdro-1-s2-20260716-015846,method,groupdro,1,2,light,57,11,0.9110671936758893,0.9090909090909091,0.9130434782608695,0.9683794466403162
method-groupdro-1-s2-20260716-015846,method,groupdro,1,2,intermediate,67,2,0.9615384615384616,1.0,0.9230769230769231,1.0
method-groupdro-1-s2-20260716-015846,method,groupdro,1,2,tan,55,2,0.75,0.5,1.0,0.6509433962264151
method-groupdro-1-s2-20260716-015846,method,groupdro,1,2,brown,12,0,1.0,,1.0,
method-groupdro-2-s1-20260716-020833,method,groupdro,2,1,very_light,65,27,0.9814814814814814,0.9629629629629629,1.0,1.0
method-groupdro-2-s1-20260716-020833,method,groupdro,2,1,light,2,0,1.0,,1.0,
method-groupdro-2-s1-20260716-020833,method,groupdro,2,1,intermediate,2,1,1.0,1.0,1.0,1.0
method-groupdro-2-s1-20260716-020833,method,groupdro,2,1,brown,1,0,1.0,,1.0,
method-groupdro-2-s1-20260716-020833,method,groupdro,2,1,dark,1,0,1.0,,1.0,
method-groupdro-2-s2-20260716-021601,method,groupdro,2,2,very_light,43,25,0.9444444444444444,1.0,0.8888888888888888,1.0
method-groupdro-2-s2-20260716-021601,method,groupdro,2,2,light,13,1,1.0,1.0,1.0,1.0
method-groupdro-2-s2-20260716-021601,method,groupdro,2,2,intermediate,5,1,0.5,0.0,1.0,1.0
method-groupdro-2-s2-20260716-021601,method,groupdro,2,2,tan,6,1,1.0,1.0,1.0,1.0
method-groupdro-2-s2-20260716-021601,method,groupdro,2,2,brown,3,0,1.0,,1.0,
method-groupdro-2-s2-20260716-021601,method,groupdro,2,2,dark,1,0,1.0,,1.0,
method-ours-indist-s1-20260716-022837,method,ours,indist,1,very_light,18,5,1.0,1.0,1.0,1.0
method-ours-indist-s1-20260716-022837,method,ours,indist,1,light,30,6,1.0,1.0,1.0,1.0
method-ours-indist-s1-20260716-022837,method,ours,indist,1,intermediate,31,2,0.9655172413793103,1.0,0.9310344827586207,0.9827586206896552
method-ours-indist-s1-20260716-022837,method,ours,indist,1,tan,23,8,0.8083333333333333,0.75,0.8666666666666667,0.9083333333333334
method-ours-indist-s1-20260716-022837,method,ours,indist,1,brown,15,4,0.875,0.75,1.0,1.0
method-ours-indist-s1-20260716-022837,method,ours,indist,1,dark,2,2,1.0,1.0,,
method-ours-indist-s2-20260716-023635,method,ours,indist,2,very_light,49,12,0.9864864864864865,1.0,0.972972972972973,0.981981981981982
method-ours-indist-s2-20260716-023635,method,ours,indist,2,light,37,7,0.9333333333333333,1.0,0.8666666666666667,0.9714285714285714
method-ours-indist-s2-20260716-023635,method,ours,indist,2,intermediate,17,5,0.8,0.6,1.0,0.9833333333333333
method-ours-indist-s2-20260716-023635,method,ours,indist,2,tan,11,3,1.0,1.0,1.0,1.0
method-ours-indist-s2-20260716-023635,method,ours,indist,2,brown,5,0,1.0,,1.0,
method-ours-0-s1-20260716-024949,method,ours,0,1,very_light,182,59,0.7709108447016673,0.7288135593220338,0.8130081300813008,0.8609618299572827
method-ours-0-s1-20260716-024949,method,ours,0,1,light,138,41,0.6961277344732211,0.5365853658536586,0.8556701030927835,0.8433492582348504
method-ours-0-s1-20260716-024949,method,ours,0,1,intermediate,87,33,0.7348484848484849,0.6363636363636364,0.8333333333333334,0.8423120089786756
method-ours-0-s1-20260716-024949,method,ours,0,1,tan,41,12,0.764367816091954,0.6666666666666666,0.8620689655172413,0.7902298850574713
method-ours-0-s1-20260716-024949,method,ours,0,1,brown,6,0,1.0,,1.0,
method-ours-0-s2-20260716-025502,method,ours,0,2,very_light,29,19,0.9236842105263158,0.9473684210526315,0.9,0.9947368421052631
method-ours-0-s2-20260716-025502,method,ours,0,2,light,48,17,0.7020872865275143,0.8235294117647058,0.5806451612903226,0.7685009487666034
method-ours-0-s2-20260716-025502,method,ours,0,2,intermediate,67,24,0.8512596899224807,0.9583333333333334,0.7441860465116279,0.938953488372093
method-ours-0-s2-20260716-025502,method,ours,0,2,tan,80,24,0.7886904761904762,0.6666666666666666,0.9107142857142857,0.8697916666666666
method-ours-0-s2-20260716-025502,method,ours,0,2,brown,145,35,0.6818181818181819,0.4,0.9636363636363636,0.8981818181818182
method-ours-0-s2-20260716-025502,method,ours,0,2,dark,85,26,0.5961538461538461,0.19230769230769232,1.0,0.8617992177314212
method-ours-1-s1-20260716-025850,method,ours,1,1,very_light,91,13,0.8717948717948718,0.9230769230769231,0.8205128205128205,0.9556213017751479
method-ours-1-s1-20260716-025850,method,ours,1,1,light,70,6,0.8776041666666667,0.8333333333333334,0.921875,0.9661458333333334
method-ours-1-s1-20260716-025850,method,ours,1,1,intermediate,53,5,0.5791666666666667,0.2,0.9583333333333334,0.8291666666666667
method-ours-1-s1-20260716-025850,method,ours,1,1,tan,16,3,0.8846153846153846,1.0,0.7692307692307693,0.9743589743589745
method-ours-1-s1-20260716-025850,method,ours,1,1,brown,5,0,0.6,,0.6,
method-ours-1-s2-20260716-030413,method,ours,1,2,very_light,42,5,0.8729729729729729,0.8,0.9459459459459459,0.9621621621621621
method-ours-1-s2-20260716-030413,method,ours,1,2,light,53,6,0.9893617021276595,1.0,0.9787234042553191,1.0
method-ours-1-s2-20260716-030413,method,ours,1,2,intermediate,68,7,0.8793911007025761,0.8571428571428571,0.9016393442622951,0.9648711943793912
method-ours-1-s2-20260716-030413,method,ours,1,2,tan,62,7,0.7311688311688311,0.5714285714285714,0.8909090909090909,0.8623376623376624
method-ours-1-s2-20260716-030413,method,ours,1,2,brown,10,2,0.9375,1.0,0.875,0.9375
method-ours-2-s1-20260716-030936,method,ours,2,1,very_light,16,5,0.8,0.6,1.0,1.0
method-ours-2-s1-20260716-030936,method,ours,2,1,light,9,5,1.0,1.0,1.0,1.0
method-ours-2-s1-20260716-030936,method,ours,2,1,intermediate,7,3,1.0,1.0,1.0,1.0
method-ours-2-s1-20260716-030936,method,ours,2,1,tan,10,2,1.0,1.0,1.0,1.0
method-ours-2-s1-20260716-030936,method,ours,2,1,brown,12,3,1.0,1.0,1.0,1.0
method-ours-2-s1-20260716-030936,method,ours,2,1,dark,17,10,1.0,1.0,1.0,1.0
method-ours-2-s2-20260716-031656,method,ours,2,2,very_light,52,21,0.911674347158218,0.9523809523809523,0.8709677419354839,0.93394777265745
method-ours-2-s2-20260716-031656,method,ours,2,2,light,8,4,0.875,1.0,0.75,1.0
method-ours-2-s2-20260716-031656,method,ours,2,2,intermediate,4,1,1.0,1.0,1.0,1.0
method-ours-2-s2-20260716-031656,method,ours,2,2,tan,5,2,0.8333333333333333,1.0,0.6666666666666666,1.0
method-ours-2-s2-20260716-031656,method,ours,2,2,dark,2,0,1.0,,1.0,
method-ours_bg-indist-s1-20260716-032229,method,ours_bg,indist,1,very_light,27,4,0.875,0.75,1.0,1.0
method-ours_bg-indist-s1-20260716-032229,method,ours_bg,indist,1,light,36,5,0.9838709677419355,1.0,0.967741935483871,0.9870967741935485
method-ours_bg-indist-s1-20260716-032229,method,ours_bg,indist,1,intermediate,16,3,0.6666666666666666,0.3333333333333333,1.0,0.8974358974358974
method-ours_bg-indist-s1-20260716-032229,method,ours_bg,indist,1,tan,22,6,0.8854166666666667,0.8333333333333334,0.9375,0.9479166666666666
method-ours_bg-indist-s1-20260716-032229,method,ours_bg,indist,1,brown,15,6,1.0,1.0,1.0,1.0
method-ours_bg-indist-s1-20260716-032229,method,ours_bg,indist,1,dark,3,3,1.0,1.0,,
method-ours_bg-indist-s2-20260716-033233,method,ours_bg,indist,2,very_light,12,5,0.8571428571428572,1.0,0.7142857142857143,1.0
method-ours_bg-indist-s2-20260716-033233,method,ours_bg,indist,2,light,15,4,0.9545454545454546,1.0,0.9090909090909091,1.0
method-ours_bg-indist-s2-20260716-033233,method,ours_bg,indist,2,intermediate,17,2,0.9333333333333333,1.0,0.8666666666666667,1.0
method-ours_bg-indist-s2-20260716-033233,method,ours_bg,indist,2,tan,36,6,0.7333333333333334,0.6666666666666666,0.8,0.8861111111111111
method-ours_bg-indist-s2-20260716-033233,method,ours_bg,indist,2,brown,37,8,0.9310344827586207,1.0,0.8620689655172413,1.0
method-ours_bg-indist-s2-20260716-033233,method,ours_bg,indist,2,dark,2,2,1.0,1.0,,
method-ours_bg-0-s1-20260716-034653,method,ours_bg,0,1,very_light,109,30,0.8383966244725738,0.8666666666666667,0.810126582278481,0.910126582278481
method-ours_bg-0-s1-20260716-034653,method,ours_bg,0,1,light,98,37,0.7521045635799735,0.8648648648648649,0.639344262295082,0.8130261408949934
method-ours_bg-0-s1-20260716-034653,method,ours_bg,0,1,intermediate,89,28,0.7742974238875878,0.8928571428571429,0.6557377049180327,0.8360655737704917
method-ours_bg-0-s1-20260716-034653,method,ours_bg,0,1,tan,77,26,0.7575414781297134,0.7307692307692307,0.7843137254901961,0.8250377073906485
method-ours_bg-0-s1-20260716-034653,method,ours_bg,0,1,brown,61,19,0.7919799498746867,0.631578947368421,0.9523809523809523,0.8295739348370927
method-ours_bg-0-s1-20260716-034653,method,ours_bg,0,1,dark,20,5,0.6,0.2,1.0,0.8533333333333334
method-ours_bg-0-s2-20260716-035100,method,ours_bg,0,2,very_light,19,15,1.0,1.0,1.0,1.0
method-ours_bg-0-s2-20260716-035100,method,ours_bg,0,2,light,16,4,0.75,0.75,0.75,0.8958333333333334
method-ours_bg-0-s2-20260716-035100,method,ours_bg,0,2,intermediate,73,19,0.7266081871345029,0.8421052631578947,0.6111111111111112,0.8050682261208577
method-ours_bg-0-s2-20260716-035100,method,ours_bg,0,2,tan,124,30,0.7755319148936171,0.7,0.851063829787234,0.8765957446808511
method-ours_bg-0-s2-20260716-035100,method,ours_bg,0,2,brown,185,65,0.7362179487179488,0.6307692307692307,0.8416666666666667,0.8125641025641025
method-ours_bg-0-s2-20260716-035100,method,ours_bg,0,2,dark,37,12,0.6466666666666666,0.3333333333333333,0.96,0.8733333333333333
method-ours_bg-1-s1-20260716-035526,method,ours_bg,1,1,very_light,120,13,0.8810208483105679,0.8461538461538461,0.9158878504672897,0.9762760603882099
method-ours_bg-1-s1-20260716-035526,method,ours_bg,1,1,light,64,9,0.7969696969696969,0.6666666666666666,0.9272727272727272,0.8707070707070708
method-ours_bg-1-s1-20260716-035526,method,ours_bg,1,1,intermediate,40,2,0.9605263157894737,1.0,0.9210526315789473,0.9605263157894737
method-ours_bg-1-s1-20260716-035526,method,ours_bg,1,1,tan,11,3,0.7708333333333333,0.6666666666666666,0.875,0.875
method-ours_bg-1-s2-20260716-040606,method,ours_bg,1,2,very_light,32,12,0.8833333333333333,0.9166666666666666,0.85,0.9208333333333333
method-ours_bg-1-s2-20260716-040606,method,ours_bg,1,2,light,47,3,0.9431818181818181,1.0,0.8863636363636364,0.9924242424242424
method-ours_bg-1-s2-20260716-040606,method,ours_bg,1,2,intermediate,54,3,0.7745098039215685,0.6666666666666666,0.8823529411764706,0.9542483660130718
method-ours_bg-1-s2-20260716-040606,method,ours_bg,1,2,tan,83,7,0.8956766917293233,0.8571428571428571,0.9342105263157895,0.9492481203007519
method-ours_bg-1-s2-20260716-040606,method,ours_bg,1,2,brown,19,2,0.75,0.5,1.0,0.8529411764705882
method-ours_bg-2-s1-20260716-041444,method,ours_bg,2,1,very_light,26,12,0.8928571428571428,1.0,0.7857142857142857,1.0
method-ours_bg-2-s1-20260716-041444,method,ours_bg,2,1,light,16,6,1.0,1.0,1.0,1.0
method-ours_bg-2-s1-20260716-041444,method,ours_bg,2,1,intermediate,5,0,0.8,,0.8,
method-ours_bg-2-s1-20260716-041444,method,ours_bg,2,1,tan,11,3,0.9375,1.0,0.875,1.0
method-ours_bg-2-s1-20260716-041444,method,ours_bg,2,1,brown,5,2,0.75,0.5,1.0,1.0
method-ours_bg-2-s1-20260716-041444,method,ours_bg,2,1,dark,8,5,0.9,0.8,1.0,1.0
method-ours_bg-2-s2-20260716-042225,method,ours_bg,2,2,very_light,11,4,0.9285714285714286,1.0,0.8571428571428571,1.0
method-ours_bg-2-s2-20260716-042225,method,ours_bg,2,2,light,8,6,1.0,1.0,1.0,1.0
method-ours_bg-2-s2-20260716-042225,method,ours_bg,2,2,intermediate,11,6,1.0,1.0,1.0,1.0
method-ours_bg-2-s2-20260716-042225,method,ours_bg,2,2,tan,12,2,1.0,1.0,1.0,1.0
method-ours_bg-2-s2-20260716-042225,method,ours_bg,2,2,brown,22,5,0.9705882352941176,1.0,0.9411764705882353,1.0
method-ours_bg-2-s2-20260716-042225,method,ours_bg,2,2,dark,7,5,0.9,0.8,1.0,1.0
erm_indist-20260715-172926,flagship,erm,indist,42,very_light,23,11,0.9583333333333333,1.0,0.9166666666666666,0.9166666666666666
erm_indist-20260715-172926,flagship,erm,indist,42,light,44,5,0.9,0.8,1.0,0.9743589743589743
erm_indist-20260715-172926,flagship,erm,indist,42,intermediate,22,3,0.9736842105263157,1.0,0.9473684210526315,1.0
erm_indist-20260715-172926,flagship,erm,indist,42,tan,24,3,0.8095238095238095,0.6666666666666666,0.9523809523809523,0.9365079365079365
erm_indist-20260715-172926,flagship,erm,indist,42,brown,4,3,1.0,1.0,1.0,1.0
erm_indist-20260715-172926,flagship,erm,indist,42,dark,2,2,1.0,1.0,,
ourbg_indist-20260715-173549,flagship,ours_bg,indist,42,very_light,35,6,0.9827586206896552,1.0,0.9655172413793104,0.9942528735632185
ourbg_indist-20260715-173549,flagship,ours_bg,indist,42,light,25,3,0.9090909090909092,1.0,0.8181818181818182,1.0
ourbg_indist-20260715-173549,flagship,ours_bg,indist,42,intermediate,22,4,0.9444444444444444,1.0,0.8888888888888888,0.9583333333333333
ourbg_indist-20260715-173549,flagship,ours_bg,indist,42,tan,22,7,0.861904761904762,0.8571428571428571,0.8666666666666667,0.9333333333333333
ourbg_indist-20260715-173549,flagship,ours_bg,indist,42,brown,13,5,1.0,1.0,1.0,1.0
ourbg_indist-20260715-173549,flagship,ours_bg,indist,42,dark,2,2,1.0,1.0,,
